id,kind,archetype_id,archetype_name,level,power,power_band,seed,weapon_id,spell_ids,passive_id,pet_id,weapon_level,weapon_quality_tier
L1_starter_instrument_fixed,fixed,starter_instrument,Starter Instrument,1,70,band_001,battle_lab_character_rework_20260525:starter_instrument:L1:fixed:0,varinha_cinzas,,,,1,0
L1_starter_instrument_r1,random,starter_instrument,Starter Instrument,1,70,band_001,battle_lab_character_rework_20260525:starter_instrument:L1:random:1,idolo_pedra_viva,,,,1,0
L1_mental_controller_fixed,fixed,mental_controller,Mental Controller,1,70,band_001,battle_lab_character_rework_20260525:mental_controller:L1:fixed:0,grimorio_veu,,,,1,0
L1_mental_controller_r1,random,mental_controller,Mental Controller,1,70,band_001,battle_lab_character_rework_20260525:mental_controller:L1:random:1,cajado_ossario,,,,1,0
L1_elemental_mixer_fixed,fixed,elemental_mixer,Elemental Mixer,1,70,band_001,battle_lab_character_rework_20260525:elemental_mixer:L1:fixed:0,orbe_tempestade,,,,1,0
L1_elemental_mixer_r1,random,elemental_mixer,Elemental Mixer,1,100,band_001,battle_lab_character_rework_20260525:elemental_mixer:L1:random:1,cetro_braseiro_negro,,,,1,1
L1_familiar_handler_fixed,fixed,familiar_handler,Familiar Handler,1,70,band_001,battle_lab_character_rework_20260525:familiar_handler:L1:fixed:0,varinha_cinzas,,,,1,0
L1_familiar_handler_r1,random,familiar_handler,Familiar Handler,1,100,band_001,battle_lab_character_rework_20260525:familiar_handler:L1:random:1,orbe_tempestade,,,,1,1
L1_summoner_fixed,fixed,summoner,Summoner,1,100,band_001,battle_lab_character_rework_20260525:summoner:L1:fixed:0,cajado_ossario,,,,1,1
L1_summoner_r1,random,summoner,Summoner,1,70,band_001,battle_lab_character_rework_20260525:summoner:L1:random:1,grimorio_veu,,,,1,0
L1_defensive_occultist_fixed,fixed,defensive_occultist,Defensive Occultist,1,70,band_001,battle_lab_character_rework_20260525:defensive_occultist:L1:fixed:0,idolo_pedra_viva,,,,1,0
L1_defensive_occultist_r1,random,defensive_occultist,Defensive Occultist,1,100,band_001,battle_lab_character_rework_20260525:defensive_occultist:L1:random:1,varinha_cinzas,,,,1,1
L1_dot_pressure_fixed,fixed,dot_pressure,DoT Pressure,1,70,band_001,battle_lab_character_rework_20260525:dot_pressure:L1:fixed:0,athame_hematico,,,,1,0
L1_dot_pressure_r1,random,dot_pressure,DoT Pressure,1,70,band_001,battle_lab_character_rework_20260525:dot_pressure:L1:random:1,idolo_pedra_viva,,,,1,0
L1_funeral_burst_fixed,fixed,funeral_burst,Funeral Burst,1,70,band_001,battle_lab_character_rework_20260525:funeral_burst:L1:fixed:0,cajado_ossario,,,,1,0
L1_funeral_burst_r1,random,funeral_burst,Funeral Burst,1,70,band_001,battle_lab_character_rework_20260525:funeral_burst:L1:random:1,cajado_ossario,,,,1,0
L3_starter_instrument_fixed,fixed,starter_instrument,Starter Instrument,3,182,band_001,battle_lab_character_rework_20260525:starter_instrument:L3:fixed:0,varinha_cinzas,,,,2,0
L3_starter_instrument_r1,random,starter_instrument,Starter Instrument,3,210,band_001,battle_lab_character_rework_20260525:starter_instrument:L3:random:1,cetro_braseiro_negro,,,,3,0
L3_mental_controller_fixed,fixed,mental_controller,Mental Controller,3,302,band_002,battle_lab_character_rework_20260525:mental_controller:L3:fixed:0,grimorio_veu,sussurro_medo,,,2,0
L3_mental_controller_r1,random,mental_controller,Mental Controller,3,302,band_002,battle_lab_character_rework_20260525:mental_controller:L3:random:1,orbe_tempestade,sussurro_medo,,,2,0
L3_elemental_mixer_fixed,fixed,elemental_mixer,Elemental Mixer,3,182,band_001,battle_lab_character_rework_20260525:elemental_mixer:L3:fixed:0,orbe_tempestade,,,,2,0
L3_elemental_mixer_r1,random,elemental_mixer,Elemental Mixer,3,302,band_002,battle_lab_character_rework_20260525:elemental_mixer:L3:random:1,selo_mare_fria,sussurro_medo,,,2,0
L3_familiar_handler_fixed,fixed,familiar_handler,Familiar Handler,3,262,band_002,battle_lab_character_rework_20260525:familiar_handler:L3:fixed:0,varinha_cinzas,sussurro_medo,,,2,0
L3_familiar_handler_r1,random,familiar_handler,Familiar Handler,3,234,band_001,battle_lab_character_rework_20260525:familiar_handler:L3:random:1,varinha_cinzas,sussurro_medo,,,1,0
L3_summoner_fixed,fixed,summoner,Summoner,3,332,band_002,battle_lab_character_rework_20260525:summoner:L3:fixed:0,cajado_ossario,sussurro_medo,,,2,1
L3_summoner_r1,random,summoner,Summoner,3,332,band_002,battle_lab_character_rework_20260525:summoner:L3:random:1,cajado_ossario,sussurro_medo,,,2,1
L3_defensive_occultist_fixed,fixed,defensive_occultist,Defensive Occultist,3,182,band_001,battle_lab_character_rework_20260525:defensive_occultist:L3:fixed:0,idolo_pedra_viva,,,,2,0
L3_defensive_occultist_r1,random,defensive_occultist,Defensive Occultist,3,262,band_002,battle_lab_character_rework_20260525:defensive_occultist:L3:random:1,athame_hematico,sussurro_medo,,,2,0
L3_dot_pressure_fixed,fixed,dot_pressure,DoT Pressure,3,182,band_001,battle_lab_character_rework_20260525:dot_pressure:L3:fixed:0,athame_hematico,,,,2,0
L3_dot_pressure_r1,random,dot_pressure,DoT Pressure,3,234,band_001,battle_lab_character_rework_20260525:dot_pressure:L3:random:1,varinha_cinzas,sussurro_medo,,,1,0
L3_funeral_burst_fixed,fixed,funeral_burst,Funeral Burst,3,182,band_001,battle_lab_character_rework_20260525:funeral_burst:L3:fixed:0,cajado_ossario,,,,2,0
L3_funeral_burst_r1,random,funeral_burst,Funeral Burst,3,302,band_002,battle_lab_character_rework_20260525:funeral_burst:L3:random:1,idolo_pedra_viva,sussurro_medo,,,2,0
L7_starter_instrument_fixed,fixed,starter_instrument,Starter Instrument,7,462,band_002,battle_lab_character_rework_20260525:starter_instrument:L7:fixed:0,varinha_cinzas,,,,6,0
L7_starter_instrument_r1,random,starter_instrument,Starter Instrument,7,434,band_002,battle_lab_character_rework_20260525:starter_instrument:L7:random:1,athame_hematico,,,,5,0
L7_mental_controller_fixed,fixed,mental_controller,Mental Controller,7,996,band_003,battle_lab_character_rework_20260525:mental_controller:L7:fixed:0,grimorio_veu,sussurro_medo|terror_primordial,,,4,1
L7_mental_controller_r1,random,mental_controller,Mental Controller,7,968,band_003,battle_lab_character_rework_20260525:mental_controller:L7:random:1,orbe_tempestade,terror_primordial|lamina_vento,,,3,1
L7_elemental_mixer_fixed,fixed,elemental_mixer,Elemental Mixer,7,1024,band_003,battle_lab_character_rework_20260525:elemental_mixer:L7:fixed:0,orbe_tempestade,descarga_nervosa|marca_brasa,,,5,1
L7_elemental_mixer_r1,random,elemental_mixer,Elemental Mixer,7,1022,band_003,battle_lab_character_rework_20260525:elemental_mixer:L7:random:1,cetro_braseiro_negro,geada_ossos|sussurro_medo,,,6,0
L7_familiar_handler_fixed,fixed,familiar_handler,Familiar Handler,7,836,band_003,battle_lab_character_rework_20260525:familiar_handler:L7:fixed:0,varinha_cinzas,sussurro_medo|incisao_ritual,,,4,1
L7_familiar_handler_r1,random,familiar_handler,Familiar Handler,7,698,band_003,battle_lab_character_rework_20260525:familiar_handler:L7:random:1,varinha_cinzas,mare_escura|lamina_vento,,,3,0
L7_summoner_fixed,fixed,summoner,Summoner,7,746,band_003,battle_lab_character_rework_20260525:summoner:L7:fixed:0,cajado_ossario,sussurro_medo,,,4,2
L7_summoner_r1,random,summoner,Summoner,7,968,band_003,battle_lab_character_rework_20260525:summoner:L7:random:1,athame_hematico,sussurro_medo|geada_ossos,,,3,1
L7_defensive_occultist_fixed,fixed,defensive_occultist,Defensive Occultist,7,676,band_003,battle_lab_character_rework_20260525:defensive_occultist:L7:fixed:0,idolo_pedra_viva,geada_ossos,,,4,1
L7_defensive_occultist_r1,random,defensive_occultist,Defensive Occultist,7,674,band_003,battle_lab_character_rework_20260525:defensive_occultist:L7:random:1,orbe_tempestade,mare_escura,,,5,0
L7_dot_pressure_fixed,fixed,dot_pressure,DoT Pressure,7,916,band_003,battle_lab_character_rework_20260525:dot_pressure:L7:fixed:0,athame_hematico,toxina_palida|marca_brasa,,,4,1
L7_dot_pressure_r1,random,dot_pressure,DoT Pressure,7,678,band_003,battle_lab_character_rework_20260525:dot_pressure:L7:random:1,varinha_cinzas,marca_brasa,,,3,2
L7_funeral_burst_fixed,fixed,funeral_burst,Funeral Burst,7,996,band_003,battle_lab_character_rework_20260525:funeral_burst:L7:fixed:0,cajado_ossario,descarga_nervosa|marca_brasa,,,4,1
L7_funeral_burst_r1,random,funeral_burst,Funeral Burst,7,704,band_003,battle_lab_character_rework_20260525:funeral_burst:L7:random:1,selo_mare_fria,lamina_vento,,,5,1
L10_starter_instrument_fixed,fixed,starter_instrument,Starter Instrument,10,644,band_003,battle_lab_character_rework_20260525:starter_instrument:L10:fixed:0,varinha_cinzas,,,,8,0
L10_starter_instrument_r1,random,starter_instrument,Starter Instrument,10,616,band_003,battle_lab_character_rework_20260525:starter_instrument:L10:random:1,cetro_braseiro_negro,,,,7,0
L10_mental_controller_fixed,fixed,mental_controller,Mental Controller,10,1594,band_004,battle_lab_character_rework_20260525:mental_controller:L10:fixed:0,grimorio_veu,sussurro_medo|terror_primordial,doutrina_pavor,,6,1
L10_mental_controller_r1,random,mental_controller,Mental Controller,10,1104,band_003,battle_lab_character_rework_20260525:mental_controller:L10:random:1,varinha_cinzas,labirinto_razao,alquimia_toxica,,5,1
L10_elemental_mixer_fixed,fixed,elemental_mixer,Elemental Mixer,10,1600,band_004,battle_lab_character_rework_20260525:elemental_mixer:L10:fixed:0,orbe_tempestade,descarga_nervosa|marca_brasa,pulso_tempestade,,7,1
L10_elemental_mixer_r1,random,elemental_mixer,Elemental Mixer,10,1144,band_003,battle_lab_character_rework_20260525:elemental_mixer:L10:random:1,athame_hematico,sussurro_medo,doutrina_pavor,,5,1
L10_familiar_handler_fixed,fixed,familiar_handler,Familiar Handler,10,1434,band_004,battle_lab_character_rework_20260525:familiar_handler:L10:fixed:0,varinha_cinzas,sussurro_medo|incisao_ritual,pacto_familiar,,6,1
L10_familiar_handler_r1,random,familiar_handler,Familiar Handler,10,1434,band_004,battle_lab_character_rework_20260525:familiar_handler:L10:random:1,idolo_pedra_viva,incisao_ritual|descarga_nervosa,mente_fria,,5,0
L10_summoner_fixed,fixed,summoner,Summoner,10,1224,band_004,battle_lab_character_rework_20260525:summoner:L10:fixed:0,cajado_ossario,sussurro_medo,ossuario_interior,,6,2
L10_summoner_r1,random,summoner,Summoner,10,1154,band_003,battle_lab_character_rework_20260525:summoner:L10:random:1,orbe_tempestade,geada_ossos,anatomista_profano,,6,1
L10_defensive_occultist_fixed,fixed,defensive_occultist,Defensive Occultist,10,1198,band_003,battle_lab_character_rework_20260525:defensive_occultist:L10:fixed:0,idolo_pedra_viva,geada_ossos,pedra_interna,,6,1
L10_defensive_occultist_r1,random,defensive_occultist,Defensive Occultist,10,1208,band_004,battle_lab_character_rework_20260525:defensive_occultist:L10:random:1,cajado_ossario,terror_primordial,anatomista_profano,,6,0
L10_dot_pressure_fixed,fixed,dot_pressure,DoT Pressure,10,1492,band_004,battle_lab_character_rework_20260525:dot_pressure:L10:fixed:0,athame_hematico,toxina_palida|marca_brasa,alquimia_toxica,,6,1
L10_dot_pressure_r1,random,dot_pressure,DoT Pressure,10,1484,band_004,battle_lab_character_rework_20260525:dot_pressure:L10:random:1,cajado_ossario,lamina_vento|toxina_palida,doutrina_pavor,,6,0
L10_funeral_burst_fixed,fixed,funeral_burst,Funeral Burst,10,1594,band_004,battle_lab_character_rework_20260525:funeral_burst:L10:fixed:0,cajado_ossario,descarga_nervosa|marca_brasa,ossuario_interior,,6,1
L10_funeral_burst_r1,random,funeral_burst,Funeral Burst,10,1594,band_004,battle_lab_character_rework_20260525:funeral_burst:L10:random:1,cajado_ossario,toxina_palida|mare_escura,pacto_familiar,,6,1
L15_starter_instrument_fixed,fixed,starter_instrument,Starter Instrument,15,996,band_003,battle_lab_character_rework_20260525:starter_instrument:L15:fixed:0,varinha_cinzas,,,,12,1
L15_starter_instrument_r1,random,starter_instrument,Starter Instrument,15,938,band_003,battle_lab_character_rework_20260525:starter_instrument:L15:random:1,cetro_braseiro_negro,,,,11,0
L15_mental_controller_fixed,fixed,mental_controller,Mental Controller,15,2712,band_005,battle_lab_character_rework_20260525:mental_controller:L15:fixed:0,grimorio_veu,sussurro_medo|terror_primordial,doutrina_pavor,corvo_pressagio,9,2
L15_mental_controller_r1,random,mental_controller,Mental Controller,15,2474,band_005,battle_lab_character_rework_20260525:mental_controller:L15:random:1,selo_mare_fria,lamina_vento|mare_escura,doutrina_pavor,serpente_toxina,7,2
L15_elemental_mixer_fixed,fixed,elemental_mixer,Elemental Mixer,15,2740,band_005,battle_lab_character_rework_20260525:elemental_mixer:L15:fixed:0,orbe_tempestade,descarga_nervosa|marca_brasa,pulso_tempestade,serpe_tempestade,10,2
L15_elemental_mixer_r1,random,elemental_mixer,Elemental Mixer,15,2750,band_005,battle_lab_character_rework_20260525:elemental_mixer:L15:random:1,athame_hematico,incisao_ritual|hemorragia_induzida,pedra_interna,olho_veu,10,2
L15_familiar_handler_fixed,fixed,familiar_handler,Familiar Handler,15,2558,band_005,battle_lab_character_rework_20260525:familiar_handler:L15:fixed:0,varinha_cinzas,sussurro_medo|incisao_ritual,pacto_familiar,corvo_pressagio,8,2
L15_familiar_handler_r1,random,familiar_handler,Familiar Handler,15,2822,band_005,battle_lab_character_rework_20260525:familiar_handler:L15:random:1,varinha_cinzas,coagulo_negro|incisao_ritual,alquimia_toxica,cranio_errante,9,3
L15_summoner_fixed,fixed,summoner,Summoner,15,2228,band_005,battle_lab_character_rework_20260525:summoner:L15:fixed:0,cajado_ossario,sussurro_medo,ossuario_interior,cranio_errante,8,3
L15_summoner_r1,random,summoner,Summoner,15,2936,band_005,battle_lab_character_rework_20260525:summoner:L15:random:1,cetro_braseiro_negro,coagulo_negro|incisao_ritual,sangue_obediente,olho_veu,6,4
L15_defensive_occultist_fixed,fixed,defensive_occultist,Defensive Occultist,15,2784,band_005,battle_lab_character_rework_20260525:defensive_occultist:L15:fixed:0,idolo_pedra_viva,coagulo_negro|raizes_pedra,pedra_interna,escaravelho_pedra,8,2
L15_defensive_occultist_r1,random,defensive_occultist,Defensive Occultist,15,2076,band_004,battle_lab_character_rework_20260525:defensive_occultist:L15:random:1,selo_mare_fria,labirinto_razao,anatomista_profano,corvo_pressagio,9,2
L15_dot_pressure_fixed,fixed,dot_pressure,DoT Pressure,15,2684,band_005,battle_lab_character_rework_20260525:dot_pressure:L15:fixed:0,athame_hematico,toxina_palida|marca_brasa,alquimia_toxica,serpente_toxina,8,2
L15_dot_pressure_r1,random,dot_pressure,DoT Pressure,15,2542,band_005,battle_lab_character_rework_20260525:dot_pressure:L15:random:1,idolo_pedra_viva,sussurro_medo|terror_primordial,cinza_viva,medusa_mare_fria,10,3
L15_funeral_burst_fixed,fixed,funeral_burst,Funeral Burst,15,2814,band_005,battle_lab_character_rework_20260525:funeral_burst:L15:fixed:0,cajado_ossario,descarga_nervosa|marca_brasa,ossuario_interior,cranio_errante,9,2
L15_funeral_burst_r1,random,funeral_burst,Funeral Burst,15,2650,band_005,battle_lab_character_rework_20260525:funeral_burst:L15:random:1,orbe_tempestade,lamina_vento|marca_brasa,cinza_viva,corvo_pressagio,8,2
L25_starter_instrument_fixed,fixed,starter_instrument,Starter Instrument,25,1670,band_004,battle_lab_character_rework_20260525:starter_instrument:L25:fixed:0,varinha_cinzas,,,,20,2
L25_starter_instrument_r1,random,starter_instrument,Starter Instrument,25,1640,band_004,battle_lab_character_rework_20260525:starter_instrument:L25:random:1,grimorio_veu,,,,20,1
L25_mental_controller_fixed,fixed,mental_controller,Mental Controller,25,5566,band_005,battle_lab_character_rework_20260525:mental_controller:L25:fixed:0,grimorio_veu,sussurro_medo|terror_primordial|labirinto_razao,doutrina_pavor,corvo_pressagio,16,3
L25_mental_controller_r1,random,mental_controller,Mental Controller,25,4790,band_005,battle_lab_character_rework_20260525:mental_controller:L25:random:1,idolo_pedra_viva,erguer_ossos|mandato_oculto,mente_fria,cao_cinzas,15,4
L25_elemental_mixer_fixed,fixed,elemental_mixer,Elemental Mixer,25,5544,band_005,battle_lab_character_rework_20260525:elemental_mixer:L25:fixed:0,orbe_tempestade,descarga_nervosa|marca_brasa|mare_escura,pulso_tempestade,serpe_tempestade,16,3
L25_elemental_mixer_r1,random,elemental_mixer,Elemental Mixer,25,3540,band_005,battle_lab_character_rework_20260525:elemental_mixer:L25:random:1,athame_hematico,putrefacao,mente_fria,serpe_tempestade,16,4
L25_familiar_handler_fixed,fixed,familiar_handler,Familiar Handler,25,5064,band_005,battle_lab_character_rework_20260525:familiar_handler:L25:fixed:0,varinha_cinzas,sussurro_medo|incisao_ritual|mare_escura,pacto_familiar,corvo_pressagio,14,3
L25_familiar_handler_r1,random,familiar_handler,Familiar Handler,25,4246,band_005,battle_lab_character_rework_20260525:familiar_handler:L25:random:1,idolo_pedra_viva,mandato_oculto|prisao_gelo,anatomista_profano,serpente_toxina,13,4
L25_summoner_fixed,fixed,summoner,Summoner,25,5694,band_005,battle_lab_character_rework_20260525:summoner:L25:fixed:0,cajado_ossario,sussurro_medo|erguer_ossos|invocar_brasa_faminta,ossuario_interior,cranio_errante,14,4
L25_summoner_r1,random,summoner,Summoner,25,3508,band_005,battle_lab_character_rework_20260525:summoner:L25:random:1,cajado_ossario,incisao_ritual,pedra_interna,sanguessuga_sacramental,12,3
L25_defensive_occultist_fixed,fixed,defensive_occultist,Defensive Occultist,25,5534,band_005,battle_lab_character_rework_20260525:defensive_occultist:L25:fixed:0,idolo_pedra_viva,coagulo_negro|raizes_pedra|geada_ossos,pedra_interna,escaravelho_pedra,14,3
L25_defensive_occultist_r1,random,defensive_occultist,Defensive Occultist,25,3626,band_005,battle_lab_character_rework_20260525:defensive_occultist:L25:random:1,varinha_cinzas,terror_primordial,mare_silenciosa,sanguessuga_sacramental,10,3
L25_dot_pressure_fixed,fixed,dot_pressure,DoT Pressure,25,5368,band_005,battle_lab_character_rework_20260525:dot_pressure:L25:fixed:0,athame_hematico,toxina_palida|marca_brasa|hemorragia_induzida,alquimia_toxica,serpente_toxina,14,3
L25_dot_pressure_r1,random,dot_pressure,DoT Pressure,25,3342,band_005,battle_lab_character_rework_20260525:dot_pressure:L25:random:1,grimorio_veu,invocar_brasa_faminta,doutrina_pavor,serpe_tempestade,12,4
L25_funeral_burst_fixed,fixed,funeral_burst,Funeral Burst,25,5708,band_005,battle_lab_character_rework_20260525:funeral_burst:L25:fixed:0,cajado_ossario,descarga_nervosa|marca_brasa|incisao_ritual,ossuario_interior,cranio_errante,16,3
L25_funeral_burst_r1,random,funeral_burst,Funeral Burst,25,5850,band_005,battle_lab_character_rework_20260525:funeral_burst:L25:random:1,idolo_pedra_viva,coagulo_negro|marca_brasa|invocar_brasa_faminta,ossuario_interior,cao_cinzas,18,4
L40_starter_instrument_fixed,fixed,starter_instrument,Starter Instrument,40,2666,band_005,battle_lab_character_rework_20260525:starter_instrument:L40:fixed:0,varinha_cinzas,,,,32,3
L40_starter_instrument_r1,random,starter_instrument,Starter Instrument,40,2498,band_005,battle_lab_character_rework_20260525:starter_instrument:L40:random:1,idolo_pedra_viva,,,,26,3
L40_mental_controller_fixed,fixed,mental_controller,Mental Controller,40,8808,band_005,battle_lab_character_rework_20260525:mental_controller:L40:fixed:0,grimorio_veu,sussurro_medo|terror_primordial|labirinto_razao,doutrina_pavor,corvo_pressagio,25,4
L40_mental_controller_r1,random,mental_controller,Mental Controller,40,7248,band_005,battle_lab_character_rework_20260525:mental_controller:L40:random:1,cajado_ossario,sussurro_medo|labirinto_razao,pulso_tempestade,sanguessuga_sacramental,27,4
L40_elemental_mixer_fixed,fixed,elemental_mixer,Elemental Mixer,40,8792,band_005,battle_lab_character_rework_20260525:elemental_mixer:L40:fixed:0,orbe_tempestade,descarga_nervosa|marca_brasa|mare_escura,pulso_tempestade,serpe_tempestade,26,4
L40_elemental_mixer_r1,random,elemental_mixer,Elemental Mixer,40,7904,band_005,battle_lab_character_rework_20260525:elemental_mixer:L40:random:1,cetro_braseiro_negro,geada_ossos|toxina_palida|coagulo_negro,pedra_interna,corvo_pressagio,23,4
L40_familiar_handler_fixed,fixed,familiar_handler,Familiar Handler,40,7952,band_005,battle_lab_character_rework_20260525:familiar_handler:L40:fixed:0,varinha_cinzas,sussurro_medo|incisao_ritual|mare_escura,pacto_familiar,corvo_pressagio,22,4
L40_familiar_handler_r1,random,familiar_handler,Familiar Handler,40,6906,band_005,battle_lab_character_rework_20260525:familiar_handler:L40:random:1,grimorio_veu,labirinto_razao|hemorragia_induzida,doutrina_pavor,escaravelho_pedra,22,3
L40_summoner_fixed,fixed,summoner,Summoner,40,8912,band_005,battle_lab_character_rework_20260525:summoner:L40:fixed:0,cajado_ossario,sussurro_medo|erguer_ossos|invocar_brasa_faminta,ossuario_interior,cranio_errante,22,4
L40_summoner_r1,random,summoner,Summoner,40,7110,band_005,battle_lab_character_rework_20260525:summoner:L40:random:1,cajado_ossario,erguer_ossos|coagulo_negro,pedra_interna,corvo_pressagio,28,4
L40_defensive_occultist_fixed,fixed,defensive_occultist,Defensive Occultist,40,8728,band_005,battle_lab_character_rework_20260525:defensive_occultist:L40:fixed:0,idolo_pedra_viva,coagulo_negro|raizes_pedra|geada_ossos,pedra_interna,escaravelho_pedra,22,4
L40_defensive_occultist_r1,random,defensive_occultist,Defensive Occultist,40,9038,band_005,battle_lab_character_rework_20260525:defensive_occultist:L40:random:1,grimorio_veu,sussurro_medo|lamina_vento|erguer_ossos,pedra_interna,cranio_errante,27,3
L40_dot_pressure_fixed,fixed,dot_pressure,DoT Pressure,40,8526,band_005,battle_lab_character_rework_20260525:dot_pressure:L40:fixed:0,athame_hematico,toxina_palida|marca_brasa|hemorragia_induzida,alquimia_toxica,serpente_toxina,22,4
L40_dot_pressure_r1,random,dot_pressure,DoT Pressure,40,5490,band_005,battle_lab_character_rework_20260525:dot_pressure:L40:random:1,cetro_braseiro_negro,incisao_ritual,alquimia_toxica,sanguessuga_sacramental,19,4
L40_funeral_burst_fixed,fixed,funeral_burst,Funeral Burst,40,9092,band_005,battle_lab_character_rework_20260525:funeral_burst:L40:fixed:0,cajado_ossario,descarga_nervosa|marca_brasa|incisao_ritual,ossuario_interior,cranio_errante,25,4
L40_funeral_burst_r1,random,funeral_burst,Funeral Burst,40,7004,band_005,battle_lab_character_rework_20260525:funeral_burst:L40:random:1,cajado_ossario,raizes_pedra|erguer_ossos,pulso_tempestade,cranio_errante,31,4
PL_free_50_rewards_2h,fixed,elemental_mixer,Elemental Mixer,8,648,band_003,battle_lab_character_rework_20260525:progression_save:free_50_rewards_2h,orbe_tempestade,descarga_nervosa|marca_brasa,,,4,0
PL_free_50_rewards_5h,fixed,elemental_mixer,Elemental Mixer,10,1186,band_003,battle_lab_character_rework_20260525:progression_save:free_50_rewards_5h,orbe_tempestade,descarga_nervosa|marca_brasa,pulso_tempestade,,5,0
PL_free_50_rewards_10h,fixed,elemental_mixer,Elemental Mixer,12,1444,band_004,battle_lab_character_rework_20260525:progression_save:free_50_rewards_10h,orbe_tempestade,descarga_nervosa|marca_brasa,pulso_tempestade,,6,0
PL_free_50_rewards_15h,fixed,elemental_mixer,Elemental Mixer,14,1658,band_004,battle_lab_character_rework_20260525:progression_save:free_50_rewards_15h,orbe_tempestade,descarga_nervosa|marca_brasa,pulso_tempestade,,7,0
PL_free_50_rewards_20h,fixed,elemental_mixer,Elemental Mixer,15,2108,band_004,battle_lab_character_rework_20260525:progression_save:free_50_rewards_20h,orbe_tempestade,descarga_nervosa|marca_brasa,pulso_tempestade,serpe_tempestade,7,0
PL_free_100_rewards_2h,fixed,funeral_burst,Funeral Burst,8,716,band_003,battle_lab_character_rework_20260525:progression_save:free_100_rewards_2h,cajado_ossario,descarga_nervosa|marca_brasa,,,5,0
PL_free_100_rewards_5h,fixed,funeral_burst,Funeral Burst,11,1426,band_004,battle_lab_character_rework_20260525:progression_save:free_100_rewards_5h,cajado_ossario,descarga_nervosa|marca_brasa,ossuario_interior,,7,0
PL_free_100_rewards_10h,fixed,funeral_burst,Funeral Burst,14,1896,band_004,battle_lab_character_rework_20260525:progression_save:free_100_rewards_10h,cajado_ossario,descarga_nervosa|marca_brasa,ossuario_interior,,9,0
PL_free_100_rewards_15h,fixed,elemental_mixer,Elemental Mixer,16,2540,band_005,battle_lab_character_rework_20260525:progression_save:free_100_rewards_15h,orbe_tempestade,descarga_nervosa|marca_brasa,pulso_tempestade,serpe_tempestade,10,0
PL_free_100_rewards_20h,fixed,elemental_mixer,Elemental Mixer,17,2712,band_005,battle_lab_character_rework_20260525:progression_save:free_100_rewards_20h,orbe_tempestade,descarga_nervosa|marca_brasa,pulso_tempestade,serpe_tempestade,11,0
PL_freemium_basic_2h,fixed,funeral_burst,Funeral Burst,9,786,band_003,battle_lab_character_rework_20260525:progression_save:freemium_basic_2h,cajado_ossario,descarga_nervosa|marca_brasa,,,6,0
PL_freemium_basic_5h,fixed,funeral_burst,Funeral Burst,11,1448,band_004,battle_lab_character_rework_20260525:progression_save:freemium_basic_5h,cajado_ossario,descarga_nervosa|marca_brasa,ossuario_interior,,7,0
PL_freemium_basic_10h,fixed,funeral_burst,Funeral Burst,14,2026,band_004,battle_lab_character_rework_20260525:progression_save:freemium_basic_10h,cajado_ossario,descarga_nervosa|marca_brasa,ossuario_interior,,10,0
PL_freemium_basic_15h,fixed,familiar_handler,Familiar Handler,16,2670,band_005,battle_lab_character_rework_20260525:progression_save:freemium_basic_15h,varinha_cinzas,sussurro_medo|marca_brasa,pacto_familiar,corvo_pressagio,11,0
PL_freemium_basic_20h,fixed,familiar_handler,Familiar Handler,17,2876,band_005,battle_lab_character_rework_20260525:progression_save:freemium_basic_20h,varinha_cinzas,sussurro_medo|marca_brasa,pacto_familiar,corvo_pressagio,12,0
PL_spender_light_2h,fixed,funeral_burst,Funeral Burst,9,854,band_003,battle_lab_character_rework_20260525:progression_save:spender_light_2h,cajado_ossario,descarga_nervosa|marca_brasa,,,7,0
PL_spender_light_5h,fixed,funeral_burst,Funeral Burst,12,1670,band_004,battle_lab_character_rework_20260525:progression_save:spender_light_5h,cajado_ossario,descarga_nervosa|marca_brasa,ossuario_interior,,9,0
PL_spender_light_10h,fixed,familiar_handler,Familiar Handler,15,2640,band_005,battle_lab_character_rework_20260525:progression_save:spender_light_10h,varinha_cinzas,sussurro_medo|marca_brasa,pacto_familiar,corvo_pressagio,11,0
PL_spender_light_15h,fixed,familiar_handler,Familiar Handler,16,2834,band_005,battle_lab_character_rework_20260525:progression_save:spender_light_15h,varinha_cinzas,sussurro_medo|marca_brasa,pacto_familiar,corvo_pressagio,12,0
PL_spender_light_20h,fixed,familiar_handler,Familiar Handler,18,3218,band_005,battle_lab_character_rework_20260525:progression_save:spender_light_20h,varinha_cinzas,sussurro_medo|marca_brasa,pacto_familiar,corvo_pressagio,13,0
PL_max_spender_2h,fixed,funeral_burst,Funeral Burst,9,962,band_003,battle_lab_character_rework_20260525:progression_save:max_spender_2h,cajado_ossario,descarga_nervosa|marca_brasa,,,8,0
PL_max_spender_5h,fixed,funeral_burst,Funeral Burst,12,1800,band_004,battle_lab_character_rework_20260525:progression_save:max_spender_5h,cajado_ossario,descarga_nervosa|marca_brasa,ossuario_interior,,10,0
PL_max_spender_10h,fixed,familiar_handler,Familiar Handler,15,2872,band_005,battle_lab_character_rework_20260525:progression_save:max_spender_10h,varinha_cinzas,sussurro_medo|marca_brasa,pacto_familiar,corvo_pressagio,13,0
PL_max_spender_15h,fixed,familiar_handler,Familiar Handler,17,3346,band_005,battle_lab_character_rework_20260525:progression_save:max_spender_15h,varinha_cinzas,sussurro_medo|marca_brasa,pacto_familiar,corvo_pressagio,15,0
PL_max_spender_20h,fixed,familiar_handler,Familiar Handler,19,3738,band_005,battle_lab_character_rework_20260525:progression_save:max_spender_20h,varinha_cinzas,sussurro_medo|marca_brasa,pacto_familiar,corvo_pressagio,16,1
PLBOT_bot_free_50_rewards_2h_m12,fixed,elemental_mixer,Elemental Mixer,8,608,band_003,battle_lab_character_rework_20260525:progression_bot:bot_free_50_rewards_2h_m12,orbe_tempestade,descarga_nervosa|marca_brasa,,,4,0
PLBOT_bot_free_50_rewards_2h_p0,fixed,elemental_mixer,Elemental Mixer,8,608,band_003,battle_lab_character_rework_20260525:progression_bot:bot_free_50_rewards_2h_p0,orbe_tempestade,descarga_nervosa|marca_brasa,,,4,0
PLBOT_bot_free_50_rewards_2h_p12,fixed,funeral_burst,Funeral Burst,8,608,band_003,battle_lab_character_rework_20260525:progression_bot:bot_free_50_rewards_2h_p12,cajado_ossario,descarga_nervosa|marca_brasa,,,4,0
PLBOT_bot_free_50_rewards_5h_m12,fixed,elemental_mixer,Elemental Mixer,10,1078,band_003,battle_lab_character_rework_20260525:progression_bot:bot_free_50_rewards_5h_m12,orbe_tempestade,descarga_nervosa|marca_brasa,pulso_tempestade,,4,0
PLBOT_bot_free_50_rewards_5h_p0,fixed,elemental_mixer,Elemental Mixer,10,1186,band_003,battle_lab_character_rework_20260525:progression_bot:bot_free_50_rewards_5h_p0,orbe_tempestade,descarga_nervosa|marca_brasa,pulso_tempestade,,5,0
PLBOT_bot_free_50_rewards_5h_p12,fixed,funeral_burst,Funeral Burst,10,1294,band_004,battle_lab_character_rework_20260525:progression_bot:bot_free_50_rewards_5h_p12,cajado_ossario,descarga_nervosa|marca_brasa,ossuario_interior,,6,0
PLBOT_bot_free_50_rewards_10h_m12,fixed,elemental_mixer,Elemental Mixer,12,1314,band_004,battle_lab_character_rework_20260525:progression_bot:bot_free_50_rewards_10h_m12,orbe_tempestade,descarga_nervosa|marca_brasa,pulso_tempestade,,5,0
PLBOT_bot_free_50_rewards_10h_p0,fixed,elemental_mixer,Elemental Mixer,12,1444,band_004,battle_lab_character_rework_20260525:progression_bot:bot_free_50_rewards_10h_p0,orbe_tempestade,descarga_nervosa|marca_brasa,pulso_tempestade,,6,0
PLBOT_bot_free_50_rewards_10h_p12,fixed,funeral_burst,Funeral Burst,12,1574,band_004,battle_lab_character_rework_20260525:progression_bot:bot_free_50_rewards_10h_p12,cajado_ossario,descarga_nervosa|marca_brasa,ossuario_interior,,7,0
PLBOT_bot_free_50_rewards_15h_m12,fixed,elemental_mixer,Elemental Mixer,14,1528,band_004,battle_lab_character_rework_20260525:progression_bot:bot_free_50_rewards_15h_m12,orbe_tempestade,descarga_nervosa|marca_brasa,pulso_tempestade,,6,0
PLBOT_bot_free_50_rewards_15h_p0,fixed,elemental_mixer,Elemental Mixer,14,1658,band_004,battle_lab_character_rework_20260525:progression_bot:bot_free_50_rewards_15h_p0,orbe_tempestade,descarga_nervosa|marca_brasa,pulso_tempestade,,7,0
PLBOT_bot_free_50_rewards_15h_p12,fixed,funeral_burst,Funeral Burst,14,1788,band_004,battle_lab_character_rework_20260525:progression_bot:bot_free_50_rewards_15h_p12,cajado_ossario,descarga_nervosa|marca_brasa,ossuario_interior,,8,0
PLBOT_bot_free_50_rewards_20h_m12,fixed,elemental_mixer,Elemental Mixer,15,1944,band_004,battle_lab_character_rework_20260525:progression_bot:bot_free_50_rewards_20h_m12,orbe_tempestade,descarga_nervosa|marca_brasa,pulso_tempestade,serpe_tempestade,6,0
PLBOT_bot_free_50_rewards_20h_p0,fixed,elemental_mixer,Elemental Mixer,15,2108,band_004,battle_lab_character_rework_20260525:progression_bot:bot_free_50_rewards_20h_p0,orbe_tempestade,descarga_nervosa|marca_brasa,pulso_tempestade,serpe_tempestade,7,0
PLBOT_bot_free_50_rewards_20h_p12,fixed,funeral_burst,Funeral Burst,15,2272,band_005,battle_lab_character_rework_20260525:progression_bot:bot_free_50_rewards_20h_p12,cajado_ossario,descarga_nervosa|marca_brasa,ossuario_interior,cranio_errante,8,0
PLBOT_bot_free_100_rewards_2h_m12,fixed,funeral_burst,Funeral Burst,8,688,band_003,battle_lab_character_rework_20260525:progression_bot:bot_free_100_rewards_2h_m12,cajado_ossario,descarga_nervosa|marca_brasa,,,4,0
PLBOT_bot_free_100_rewards_2h_p0,fixed,funeral_burst,Funeral Burst,8,716,band_003,battle_lab_character_rework_20260525:progression_bot:bot_free_100_rewards_2h_p0,cajado_ossario,descarga_nervosa|marca_brasa,,,5,0
PLBOT_bot_free_100_rewards_2h_p12,fixed,funeral_burst,Funeral Burst,8,744,band_003,battle_lab_character_rework_20260525:progression_bot:bot_free_100_rewards_2h_p12,cajado_ossario,descarga_nervosa|marca_brasa,,,6,0
PLBOT_bot_free_100_rewards_5h_m12,fixed,funeral_burst,Funeral Burst,11,1278,band_004,battle_lab_character_rework_20260525:progression_bot:bot_free_100_rewards_5h_m12,cajado_ossario,descarga_nervosa|marca_brasa,ossuario_interior,,6,0
PLBOT_bot_free_100_rewards_5h_p0,fixed,funeral_burst,Funeral Burst,11,1386,band_004,battle_lab_character_rework_20260525:progression_bot:bot_free_100_rewards_5h_p0,cajado_ossario,descarga_nervosa|marca_brasa,ossuario_interior,,7,0
PLBOT_bot_free_100_rewards_5h_p12,fixed,funeral_burst,Funeral Burst,11,1494,band_004,battle_lab_character_rework_20260525:progression_bot:bot_free_100_rewards_5h_p12,cajado_ossario,descarga_nervosa|marca_brasa,ossuario_interior,,8,0
PLBOT_bot_free_100_rewards_10h_m12,fixed,funeral_burst,Funeral Burst,14,1766,band_004,battle_lab_character_rework_20260525:progression_bot:bot_free_100_rewards_10h_m12,cajado_ossario,descarga_nervosa|marca_brasa,ossuario_interior,,8,0
PLBOT_bot_free_100_rewards_10h_p0,fixed,funeral_burst,Funeral Burst,14,1896,band_004,battle_lab_character_rework_20260525:progression_bot:bot_free_100_rewards_10h_p0,cajado_ossario,descarga_nervosa|marca_brasa,ossuario_interior,,9,0
PLBOT_bot_free_100_rewards_10h_p12,fixed,funeral_burst,Funeral Burst,14,2026,band_004,battle_lab_character_rework_20260525:progression_bot:bot_free_100_rewards_10h_p12,cajado_ossario,descarga_nervosa|marca_brasa,ossuario_interior,,10,0
PLBOT_bot_free_100_rewards_15h_m12,fixed,elemental_mixer,Elemental Mixer,16,2376,band_005,battle_lab_character_rework_20260525:progression_bot:bot_free_100_rewards_15h_m12,orbe_tempestade,descarga_nervosa|marca_brasa,pulso_tempestade,serpe_tempestade,9,0
PLBOT_bot_free_100_rewards_15h_p0,fixed,elemental_mixer,Elemental Mixer,16,2540,band_005,battle_lab_character_rework_20260525:progression_bot:bot_free_100_rewards_15h_p0,orbe_tempestade,descarga_nervosa|marca_brasa,pulso_tempestade,serpe_tempestade,10,0
PLBOT_bot_free_100_rewards_15h_p12,fixed,funeral_burst,Funeral Burst,16,2704,band_005,battle_lab_character_rework_20260525:progression_bot:bot_free_100_rewards_15h_p12,cajado_ossario,descarga_nervosa|marca_brasa,ossuario_interior,cranio_errante,11,0
PLBOT_bot_free_100_rewards_20h_m12,fixed,elemental_mixer,Elemental Mixer,17,2468,band_005,battle_lab_character_rework_20260525:progression_bot:bot_free_100_rewards_20h_m12,orbe_tempestade,descarga_nervosa|marca_brasa,pulso_tempestade,serpe_tempestade,10,0
PLBOT_bot_free_100_rewards_20h_p0,fixed,elemental_mixer,Elemental Mixer,17,2712,band_005,battle_lab_character_rework_20260525:progression_bot:bot_free_100_rewards_20h_p0,orbe_tempestade,descarga_nervosa|marca_brasa,pulso_tempestade,serpe_tempestade,11,0
PLBOT_bot_free_100_rewards_20h_p12,fixed,funeral_burst,Funeral Burst,17,2956,band_005,battle_lab_character_rework_20260525:progression_bot:bot_free_100_rewards_20h_p12,cajado_ossario,descarga_nervosa|marca_brasa,ossuario_interior,cranio_errante,12,0
PLBOT_bot_freemium_basic_2h_m12,fixed,funeral_burst,Funeral Burst,9,758,band_003,battle_lab_character_rework_20260525:progression_bot:bot_freemium_basic_2h_m12,cajado_ossario,descarga_nervosa|marca_brasa,,,5,0
PLBOT_bot_freemium_basic_2h_p0,fixed,funeral_burst,Funeral Burst,9,786,band_003,battle_lab_character_rework_20260525:progression_bot:bot_freemium_basic_2h_p0,cajado_ossario,descarga_nervosa|marca_brasa,,,6,0
PLBOT_bot_freemium_basic_2h_p12,fixed,funeral_burst,Funeral Burst,9,814,band_003,battle_lab_character_rework_20260525:progression_bot:bot_freemium_basic_2h_p12,cajado_ossario,descarga_nervosa|marca_brasa,,,7,0
PLBOT_bot_freemium_basic_5h_m12,fixed,funeral_burst,Funeral Burst,11,1278,band_004,battle_lab_character_rework_20260525:progression_bot:bot_freemium_basic_5h_m12,cajado_ossario,descarga_nervosa|marca_brasa,ossuario_interior,,6,0
PLBOT_bot_freemium_basic_5h_p0,fixed,funeral_burst,Funeral Burst,11,1408,band_004,battle_lab_character_rework_20260525:progression_bot:bot_freemium_basic_5h_p0,cajado_ossario,descarga_nervosa|marca_brasa,ossuario_interior,,7,0
PLBOT_bot_freemium_basic_5h_p12,fixed,funeral_burst,Funeral Burst,11,1538,band_004,battle_lab_character_rework_20260525:progression_bot:bot_freemium_basic_5h_p12,cajado_ossario,descarga_nervosa|marca_brasa,ossuario_interior,,8,0
PLBOT_bot_freemium_basic_10h_m12,fixed,funeral_burst,Funeral Burst,14,1896,band_004,battle_lab_character_rework_20260525:progression_bot:bot_freemium_basic_10h_m12,cajado_ossario,descarga_nervosa|marca_brasa,ossuario_interior,,9,0
PLBOT_bot_freemium_basic_10h_p0,fixed,funeral_burst,Funeral Burst,14,2026,band_004,battle_lab_character_rework_20260525:progression_bot:bot_freemium_basic_10h_p0,cajado_ossario,descarga_nervosa|marca_brasa,ossuario_interior,,10,0
PLBOT_bot_freemium_basic_10h_p12,fixed,funeral_burst,Funeral Burst,14,2156,band_004,battle_lab_character_rework_20260525:progression_bot:bot_freemium_basic_10h_p12,cajado_ossario,descarga_nervosa|marca_brasa,ossuario_interior,,11,0
PLBOT_bot_freemium_basic_15h_m12,fixed,familiar_handler,Familiar Handler,16,2426,band_005,battle_lab_character_rework_20260525:progression_bot:bot_freemium_basic_15h_m12,varinha_cinzas,sussurro_medo|marca_brasa,pacto_familiar,corvo_pressagio,10,0
PLBOT_bot_freemium_basic_15h_p0,fixed,familiar_handler,Familiar Handler,16,2670,band_005,battle_lab_character_rework_20260525:progression_bot:bot_freemium_basic_15h_p0,varinha_cinzas,sussurro_medo|marca_brasa,pacto_familiar,corvo_pressagio,11,0
PLBOT_bot_freemium_basic_15h_p12,fixed,funeral_burst,Funeral Burst,16,2914,band_005,battle_lab_character_rework_20260525:progression_bot:bot_freemium_basic_15h_p12,cajado_ossario,descarga_nervosa|marca_brasa,ossuario_interior,cranio_errante,12,0
PLBOT_bot_freemium_basic_20h_m12,fixed,familiar_handler,Familiar Handler,17,2598,band_005,battle_lab_character_rework_20260525:progression_bot:bot_freemium_basic_20h_m12,varinha_cinzas,sussurro_medo|marca_brasa,pacto_familiar,corvo_pressagio,11,0
PLBOT_bot_freemium_basic_20h_p0,fixed,familiar_handler,Familiar Handler,17,2876,band_005,battle_lab_character_rework_20260525:progression_bot:bot_freemium_basic_20h_p0,varinha_cinzas,sussurro_medo|marca_brasa,pacto_familiar,corvo_pressagio,12,0
PLBOT_bot_freemium_basic_20h_p12,fixed,funeral_burst,Funeral Burst,17,3154,band_005,battle_lab_character_rework_20260525:progression_bot:bot_freemium_basic_20h_p12,cajado_ossario,descarga_nervosa|marca_brasa,ossuario_interior,cranio_errante,13,0
PLBOT_bot_spender_light_2h_m12,fixed,funeral_burst,Funeral Burst,9,786,band_003,battle_lab_character_rework_20260525:progression_bot:bot_spender_light_2h_m12,cajado_ossario,descarga_nervosa|marca_brasa,,,6,0
PLBOT_bot_spender_light_2h_p0,fixed,funeral_burst,Funeral Burst,9,814,band_003,battle_lab_character_rework_20260525:progression_bot:bot_spender_light_2h_p0,cajado_ossario,descarga_nervosa|marca_brasa,,,7,0
PLBOT_bot_spender_light_2h_p12,fixed,funeral_burst,Funeral Burst,9,842,band_003,battle_lab_character_rework_20260525:progression_bot:bot_spender_light_2h_p12,cajado_ossario,descarga_nervosa|marca_brasa,,,8,0
PLBOT_bot_spender_light_5h_m12,fixed,funeral_burst,Funeral Burst,12,1500,band_004,battle_lab_character_rework_20260525:progression_bot:bot_spender_light_5h_m12,cajado_ossario,descarga_nervosa|marca_brasa,ossuario_interior,,8,0
PLBOT_bot_spender_light_5h_p0,fixed,funeral_burst,Funeral Burst,12,1630,band_004,battle_lab_character_rework_20260525:progression_bot:bot_spender_light_5h_p0,cajado_ossario,descarga_nervosa|marca_brasa,ossuario_interior,,9,0
PLBOT_bot_spender_light_5h_p12,fixed,funeral_burst,Funeral Burst,12,1760,band_004,battle_lab_character_rework_20260525:progression_bot:bot_spender_light_5h_p12,cajado_ossario,descarga_nervosa|marca_brasa,ossuario_interior,,10,0
PLBOT_bot_spender_light_10h_m12,fixed,familiar_handler,Familiar Handler,15,2362,band_005,battle_lab_character_rework_20260525:progression_bot:bot_spender_light_10h_m12,varinha_cinzas,sussurro_medo|marca_brasa,pacto_familiar,corvo_pressagio,10,0
PLBOT_bot_spender_light_10h_p0,fixed,familiar_handler,Familiar Handler,15,2640,band_005,battle_lab_character_rework_20260525:progression_bot:bot_spender_light_10h_p0,varinha_cinzas,sussurro_medo|marca_brasa,pacto_familiar,corvo_pressagio,11,0
PLBOT_bot_spender_light_10h_p12,fixed,funeral_burst,Funeral Burst,15,2918,band_005,battle_lab_character_rework_20260525:progression_bot:bot_spender_light_10h_p12,cajado_ossario,descarga_nervosa|marca_brasa,ossuario_interior,cranio_errante,12,0
PLBOT_bot_spender_light_15h_m12,fixed,familiar_handler,Familiar Handler,16,2556,band_005,battle_lab_character_rework_20260525:progression_bot:bot_spender_light_15h_m12,varinha_cinzas,sussurro_medo|marca_brasa,pacto_familiar,corvo_pressagio,11,0
PLBOT_bot_spender_light_15h_p0,fixed,familiar_handler,Familiar Handler,16,2834,band_005,battle_lab_character_rework_20260525:progression_bot:bot_spender_light_15h_p0,varinha_cinzas,sussurro_medo|marca_brasa,pacto_familiar,corvo_pressagio,12,0
PLBOT_bot_spender_light_15h_p12,fixed,funeral_burst,Funeral Burst,16,3112,band_005,battle_lab_character_rework_20260525:progression_bot:bot_spender_light_15h_p12,cajado_ossario,descarga_nervosa|marca_brasa,ossuario_interior,cranio_errante,13,0
PLBOT_bot_spender_light_20h_m12,fixed,familiar_handler,Familiar Handler,18,2890,band_005,battle_lab_character_rework_20260525:progression_bot:bot_spender_light_20h_m12,varinha_cinzas,sussurro_medo|marca_brasa,pacto_familiar,corvo_pressagio,11,0
PLBOT_bot_spender_light_20h_p0,fixed,familiar_handler,Familiar Handler,18,3218,band_005,battle_lab_character_rework_20260525:progression_bot:bot_spender_light_20h_p0,varinha_cinzas,sussurro_medo|marca_brasa,pacto_familiar,corvo_pressagio,13,0
PLBOT_bot_spender_light_20h_p12,fixed,funeral_burst,Funeral Burst,18,3546,band_005,battle_lab_character_rework_20260525:progression_bot:bot_spender_light_20h_p12,cajado_ossario,descarga_nervosa|marca_brasa,ossuario_interior,cranio_errante,15,0
PLBOT_bot_max_spender_2h_m12,fixed,funeral_burst,Funeral Burst,9,894,band_003,battle_lab_character_rework_20260525:progression_bot:bot_max_spender_2h_m12,cajado_ossario,descarga_nervosa|marca_brasa,,,7,0
PLBOT_bot_max_spender_2h_p0,fixed,funeral_burst,Funeral Burst,9,922,band_003,battle_lab_character_rework_20260525:progression_bot:bot_max_spender_2h_p0,cajado_ossario,descarga_nervosa|marca_brasa,,,8,0
PLBOT_bot_max_spender_2h_p12,fixed,funeral_burst,Funeral Burst,9,950,band_003,battle_lab_character_rework_20260525:progression_bot:bot_max_spender_2h_p12,cajado_ossario,descarga_nervosa|marca_brasa,,,9,0
PLBOT_bot_max_spender_5h_m12,fixed,funeral_burst,Funeral Burst,12,1630,band_004,battle_lab_character_rework_20260525:progression_bot:bot_max_spender_5h_m12,cajado_ossario,descarga_nervosa|marca_brasa,ossuario_interior,,9,0
PLBOT_bot_max_spender_5h_p0,fixed,funeral_burst,Funeral Burst,12,1760,band_004,battle_lab_character_rework_20260525:progression_bot:bot_max_spender_5h_p0,cajado_ossario,descarga_nervosa|marca_brasa,ossuario_interior,,10,0
PLBOT_bot_max_spender_5h_p12,fixed,funeral_burst,Funeral Burst,12,1890,band_004,battle_lab_character_rework_20260525:progression_bot:bot_max_spender_5h_p12,cajado_ossario,descarga_nervosa|marca_brasa,ossuario_interior,,11,0
PLBOT_bot_max_spender_10h_m12,fixed,familiar_handler,Familiar Handler,15,2526,band_005,battle_lab_character_rework_20260525:progression_bot:bot_max_spender_10h_m12,varinha_cinzas,sussurro_medo|marca_brasa,pacto_familiar,corvo_pressagio,11,0
PLBOT_bot_max_spender_10h_p0,fixed,familiar_handler,Familiar Handler,15,2832,band_005,battle_lab_character_rework_20260525:progression_bot:bot_max_spender_10h_p0,varinha_cinzas,sussurro_medo|marca_brasa,pacto_familiar,corvo_pressagio,13,0
PLBOT_bot_max_spender_10h_p12,fixed,funeral_burst,Funeral Burst,15,3024,band_005,battle_lab_character_rework_20260525:progression_bot:bot_max_spender_10h_p12,cajado_ossario,descarga_nervosa|marca_brasa,ossuario_interior,cranio_errante,15,0
PLBOT_bot_max_spender_15h_m12,fixed,familiar_handler,Familiar Handler,17,3018,band_005,battle_lab_character_rework_20260525:progression_bot:bot_max_spender_15h_m12,varinha_cinzas,sussurro_medo|marca_brasa,pacto_familiar,corvo_pressagio,13,0
PLBOT_bot_max_spender_15h_p0,fixed,familiar_handler,Familiar Handler,17,3346,band_005,battle_lab_character_rework_20260525:progression_bot:bot_max_spender_15h_p0,varinha_cinzas,sussurro_medo|marca_brasa,pacto_familiar,corvo_pressagio,15,0
PLBOT_bot_max_spender_15h_p12,fixed,funeral_burst,Funeral Burst,17,3480,band_005,battle_lab_character_rework_20260525:progression_bot:bot_max_spender_15h_p12,cajado_ossario,descarga_nervosa|marca_brasa,ossuario_interior,cranio_errante,17,0
PLBOT_bot_max_spender_20h_m12,fixed,familiar_handler,Familiar Handler,19,3410,band_005,battle_lab_character_rework_20260525:progression_bot:bot_max_spender_20h_m12,varinha_cinzas,sussurro_medo|marca_brasa,pacto_familiar,corvo_pressagio,14,1
PLBOT_bot_max_spender_20h_p0,fixed,familiar_handler,Familiar Handler,19,3738,band_005,battle_lab_character_rework_20260525:progression_bot:bot_max_spender_20h_p0,varinha_cinzas,sussurro_medo|marca_brasa,pacto_familiar,corvo_pressagio,16,1
PLBOT_bot_max_spender_20h_p12,fixed,funeral_burst,Funeral Burst,19,3872,band_005,battle_lab_character_rework_20260525:progression_bot:bot_max_spender_20h_p12,cajado_ossario,descarga_nervosa|marca_brasa,ossuario_interior,cranio_errante,18,1
