id,kind,archetype_id,archetype_name,level,power,power_band,seed,weapon_id,spell_ids,passive_id,pet_id,weapon_level,weapon_quality_tier,track16_scenario_id,potion_slot,spell_behaviors
L1_starter_instrument_fixed,fixed,starter_instrument,Starter Instrument,1,70,band_001,battle_lab_character_rework_20260525:starter_instrument:L1:fixed:0,varinha_cinzas,,,,1,0,,,
L1_starter_instrument_r1,random,starter_instrument,Starter Instrument,1,70,band_001,battle_lab_character_rework_20260525:starter_instrument:L1:random:1,idolo_pedra_viva,,,,1,0,,,
L1_mental_controller_fixed,fixed,mental_controller,Mental Controller,1,70,band_001,battle_lab_character_rework_20260525:mental_controller:L1:fixed:0,grimorio_veu,,,,1,0,,,
L1_mental_controller_r1,random,mental_controller,Mental Controller,1,70,band_001,battle_lab_character_rework_20260525:mental_controller:L1:random:1,cajado_ossario,,,,1,0,,,
L1_elemental_mixer_fixed,fixed,elemental_mixer,Elemental Mixer,1,70,band_001,battle_lab_character_rework_20260525:elemental_mixer:L1:fixed:0,orbe_tempestade,,,,1,0,,,
L1_elemental_mixer_r1,random,elemental_mixer,Elemental Mixer,1,100,band_001,battle_lab_character_rework_20260525:elemental_mixer:L1:random:1,cetro_braseiro_negro,,,,1,1,,,
L1_familiar_handler_fixed,fixed,familiar_handler,Familiar Handler,1,70,band_001,battle_lab_character_rework_20260525:familiar_handler:L1:fixed:0,varinha_cinzas,,,,1,0,,,
L1_familiar_handler_r1,random,familiar_handler,Familiar Handler,1,100,band_001,battle_lab_character_rework_20260525:familiar_handler:L1:random:1,orbe_tempestade,,,,1,1,,,
L1_summoner_fixed,fixed,summoner,Summoner,1,100,band_001,battle_lab_character_rework_20260525:summoner:L1:fixed:0,cajado_ossario,,,,1,1,,,
L1_summoner_r1,random,summoner,Summoner,1,70,band_001,battle_lab_character_rework_20260525:summoner:L1:random:1,grimorio_veu,,,,1,0,,,
L1_defensive_occultist_fixed,fixed,defensive_occultist,Defensive Occultist,1,70,band_001,battle_lab_character_rework_20260525:defensive_occultist:L1:fixed:0,idolo_pedra_viva,,,,1,0,,,
L1_defensive_occultist_r1,random,defensive_occultist,Defensive Occultist,1,100,band_001,battle_lab_character_rework_20260525:defensive_occultist:L1:random:1,varinha_cinzas,,,,1,1,,,
L1_dot_pressure_fixed,fixed,dot_pressure,DoT Pressure,1,70,band_001,battle_lab_character_rework_20260525:dot_pressure:L1:fixed:0,athame_hematico,,,,1,0,,,
L1_dot_pressure_r1,random,dot_pressure,DoT Pressure,1,70,band_001,battle_lab_character_rework_20260525:dot_pressure:L1:random:1,idolo_pedra_viva,,,,1,0,,,
L1_funeral_burst_fixed,fixed,funeral_burst,Funeral Burst,1,70,band_001,battle_lab_character_rework_20260525:funeral_burst:L1:fixed:0,cajado_ossario,,,,1,0,,,
L1_funeral_burst_r1,random,funeral_burst,Funeral Burst,1,70,band_001,battle_lab_character_rework_20260525:funeral_burst:L1:random:1,cajado_ossario,,,,1,0,,,
L3_starter_instrument_fixed,fixed,starter_instrument,Starter Instrument,3,182,band_001,battle_lab_character_rework_20260525:starter_instrument:L3:fixed:0,varinha_cinzas,,,,2,0,,,
L3_starter_instrument_r1,random,starter_instrument,Starter Instrument,3,210,band_001,battle_lab_character_rework_20260525:starter_instrument:L3:random:1,cetro_braseiro_negro,,,,3,0,,,
L3_mental_controller_fixed,fixed,mental_controller,Mental Controller,3,302,band_002,battle_lab_character_rework_20260525:mental_controller:L3:fixed:0,grimorio_veu,sussurro_medo,,,2,0,,,
L3_mental_controller_r1,random,mental_controller,Mental Controller,3,302,band_002,battle_lab_character_rework_20260525:mental_controller:L3:random:1,orbe_tempestade,sussurro_medo,,,2,0,,,
L3_elemental_mixer_fixed,fixed,elemental_mixer,Elemental Mixer,3,182,band_001,battle_lab_character_rework_20260525:elemental_mixer:L3:fixed:0,orbe_tempestade,,,,2,0,,,
L3_elemental_mixer_r1,random,elemental_mixer,Elemental Mixer,3,302,band_002,battle_lab_character_rework_20260525:elemental_mixer:L3:random:1,selo_mare_fria,sussurro_medo,,,2,0,,,
L3_familiar_handler_fixed,fixed,familiar_handler,Familiar Handler,3,262,band_002,battle_lab_character_rework_20260525:familiar_handler:L3:fixed:0,varinha_cinzas,sussurro_medo,,,2,0,,,
L3_familiar_handler_r1,random,familiar_handler,Familiar Handler,3,234,band_001,battle_lab_character_rework_20260525:familiar_handler:L3:random:1,varinha_cinzas,sussurro_medo,,,1,0,,,
L3_summoner_fixed,fixed,summoner,Summoner,3,332,band_002,battle_lab_character_rework_20260525:summoner:L3:fixed:0,cajado_ossario,sussurro_medo,,,2,1,,,
L3_summoner_r1,random,summoner,Summoner,3,332,band_002,battle_lab_character_rework_20260525:summoner:L3:random:1,cajado_ossario,sussurro_medo,,,2,1,,,
L3_defensive_occultist_fixed,fixed,defensive_occultist,Defensive Occultist,3,182,band_001,battle_lab_character_rework_20260525:defensive_occultist:L3:fixed:0,idolo_pedra_viva,,,,2,0,,,
L3_defensive_occultist_r1,random,defensive_occultist,Defensive Occultist,3,262,band_002,battle_lab_character_rework_20260525:defensive_occultist:L3:random:1,athame_hematico,sussurro_medo,,,2,0,,,
L3_dot_pressure_fixed,fixed,dot_pressure,DoT Pressure,3,182,band_001,battle_lab_character_rework_20260525:dot_pressure:L3:fixed:0,athame_hematico,,,,2,0,,,
L3_dot_pressure_r1,random,dot_pressure,DoT Pressure,3,234,band_001,battle_lab_character_rework_20260525:dot_pressure:L3:random:1,varinha_cinzas,sussurro_medo,,,1,0,,,
L3_funeral_burst_fixed,fixed,funeral_burst,Funeral Burst,3,182,band_001,battle_lab_character_rework_20260525:funeral_burst:L3:fixed:0,cajado_ossario,,,,2,0,,,
L3_funeral_burst_r1,random,funeral_burst,Funeral Burst,3,302,band_002,battle_lab_character_rework_20260525:funeral_burst:L3:random:1,idolo_pedra_viva,sussurro_medo,,,2,0,,,
L7_starter_instrument_fixed,fixed,starter_instrument,Starter Instrument,7,462,band_002,battle_lab_character_rework_20260525:starter_instrument:L7:fixed:0,varinha_cinzas,,,,6,0,,,
L7_starter_instrument_r1,random,starter_instrument,Starter Instrument,7,434,band_002,battle_lab_character_rework_20260525:starter_instrument:L7:random:1,athame_hematico,,,,5,0,,,
L7_mental_controller_fixed,fixed,mental_controller,Mental Controller,7,996,band_003,battle_lab_character_rework_20260525:mental_controller:L7:fixed:0,grimorio_veu,sussurro_medo|terror_primordial,,,4,1,,,
L7_mental_controller_r1,random,mental_controller,Mental Controller,7,968,band_003,battle_lab_character_rework_20260525:mental_controller:L7:random:1,orbe_tempestade,terror_primordial|lamina_vento,,,3,1,,,
L7_elemental_mixer_fixed,fixed,elemental_mixer,Elemental Mixer,7,1024,band_003,battle_lab_character_rework_20260525:elemental_mixer:L7:fixed:0,orbe_tempestade,descarga_nervosa|marca_brasa,,,5,1,,,
L7_elemental_mixer_r1,random,elemental_mixer,Elemental Mixer,7,1022,band_003,battle_lab_character_rework_20260525:elemental_mixer:L7:random:1,cetro_braseiro_negro,geada_ossos|sussurro_medo,,,6,0,,,
L7_familiar_handler_fixed,fixed,familiar_handler,Familiar Handler,7,836,band_003,battle_lab_character_rework_20260525:familiar_handler:L7:fixed:0,varinha_cinzas,sussurro_medo|incisao_ritual,,,4,1,,,
L7_familiar_handler_r1,random,familiar_handler,Familiar Handler,7,698,band_003,battle_lab_character_rework_20260525:familiar_handler:L7:random:1,varinha_cinzas,mare_escura|lamina_vento,,,3,0,,,
L7_summoner_fixed,fixed,summoner,Summoner,7,746,band_003,battle_lab_character_rework_20260525:summoner:L7:fixed:0,cajado_ossario,sussurro_medo,,,4,2,,,
L7_summoner_r1,random,summoner,Summoner,7,968,band_003,battle_lab_character_rework_20260525:summoner:L7:random:1,athame_hematico,sussurro_medo|geada_ossos,,,3,1,,,
L7_defensive_occultist_fixed,fixed,defensive_occultist,Defensive Occultist,7,676,band_003,battle_lab_character_rework_20260525:defensive_occultist:L7:fixed:0,idolo_pedra_viva,geada_ossos,,,4,1,,,
L7_defensive_occultist_r1,random,defensive_occultist,Defensive Occultist,7,674,band_003,battle_lab_character_rework_20260525:defensive_occultist:L7:random:1,orbe_tempestade,mare_escura,,,5,0,,,
L7_dot_pressure_fixed,fixed,dot_pressure,DoT Pressure,7,916,band_003,battle_lab_character_rework_20260525:dot_pressure:L7:fixed:0,athame_hematico,toxina_palida|marca_brasa,,,4,1,,,
L7_dot_pressure_r1,random,dot_pressure,DoT Pressure,7,678,band_003,battle_lab_character_rework_20260525:dot_pressure:L7:random:1,varinha_cinzas,marca_brasa,,,3,2,,,
L7_funeral_burst_fixed,fixed,funeral_burst,Funeral Burst,7,996,band_003,battle_lab_character_rework_20260525:funeral_burst:L7:fixed:0,cajado_ossario,descarga_nervosa|marca_brasa,,,4,1,,,
L7_funeral_burst_r1,random,funeral_burst,Funeral Burst,7,704,band_003,battle_lab_character_rework_20260525:funeral_burst:L7:random:1,selo_mare_fria,lamina_vento,,,5,1,,,
L10_starter_instrument_fixed,fixed,starter_instrument,Starter Instrument,10,644,band_003,battle_lab_character_rework_20260525:starter_instrument:L10:fixed:0,varinha_cinzas,,,,8,0,,,
L10_starter_instrument_r1,random,starter_instrument,Starter Instrument,10,616,band_003,battle_lab_character_rework_20260525:starter_instrument:L10:random:1,cetro_braseiro_negro,,,,7,0,,,
L10_mental_controller_fixed,fixed,mental_controller,Mental Controller,10,1594,band_004,battle_lab_character_rework_20260525:mental_controller:L10:fixed:0,grimorio_veu,sussurro_medo|terror_primordial,doutrina_pavor,,6,1,,,
L10_mental_controller_r1,random,mental_controller,Mental Controller,10,1104,band_003,battle_lab_character_rework_20260525:mental_controller:L10:random:1,varinha_cinzas,labirinto_razao,alquimia_toxica,,5,1,,,
L10_elemental_mixer_fixed,fixed,elemental_mixer,Elemental Mixer,10,1600,band_004,battle_lab_character_rework_20260525:elemental_mixer:L10:fixed:0,orbe_tempestade,descarga_nervosa|marca_brasa,pulso_tempestade,,7,1,,,
L10_elemental_mixer_r1,random,elemental_mixer,Elemental Mixer,10,1144,band_003,battle_lab_character_rework_20260525:elemental_mixer:L10:random:1,athame_hematico,sussurro_medo,doutrina_pavor,,5,1,,,
L10_familiar_handler_fixed,fixed,familiar_handler,Familiar Handler,10,1434,band_004,battle_lab_character_rework_20260525:familiar_handler:L10:fixed:0,varinha_cinzas,sussurro_medo|incisao_ritual,pacto_familiar,,6,1,,,
L10_familiar_handler_r1,random,familiar_handler,Familiar Handler,10,1434,band_004,battle_lab_character_rework_20260525:familiar_handler:L10:random:1,idolo_pedra_viva,incisao_ritual|descarga_nervosa,mente_fria,,5,0,,,
L10_summoner_fixed,fixed,summoner,Summoner,10,1224,band_004,battle_lab_character_rework_20260525:summoner:L10:fixed:0,cajado_ossario,sussurro_medo,ossuario_interior,,6,2,,,
L10_summoner_r1,random,summoner,Summoner,10,1154,band_003,battle_lab_character_rework_20260525:summoner:L10:random:1,orbe_tempestade,geada_ossos,anatomista_profano,,6,1,,,
L10_defensive_occultist_fixed,fixed,defensive_occultist,Defensive Occultist,10,1198,band_003,battle_lab_character_rework_20260525:defensive_occultist:L10:fixed:0,idolo_pedra_viva,geada_ossos,pedra_interna,,6,1,,,
L10_defensive_occultist_r1,random,defensive_occultist,Defensive Occultist,10,1208,band_004,battle_lab_character_rework_20260525:defensive_occultist:L10:random:1,cajado_ossario,terror_primordial,anatomista_profano,,6,0,,,
L10_dot_pressure_fixed,fixed,dot_pressure,DoT Pressure,10,1492,band_004,battle_lab_character_rework_20260525:dot_pressure:L10:fixed:0,athame_hematico,toxina_palida|marca_brasa,alquimia_toxica,,6,1,,,
L10_dot_pressure_r1,random,dot_pressure,DoT Pressure,10,1484,band_004,battle_lab_character_rework_20260525:dot_pressure:L10:random:1,cajado_ossario,lamina_vento|toxina_palida,doutrina_pavor,,6,0,,,
L10_funeral_burst_fixed,fixed,funeral_burst,Funeral Burst,10,1594,band_004,battle_lab_character_rework_20260525:funeral_burst:L10:fixed:0,cajado_ossario,descarga_nervosa|marca_brasa,ossuario_interior,,6,1,,,
L10_funeral_burst_r1,random,funeral_burst,Funeral Burst,10,1594,band_004,battle_lab_character_rework_20260525:funeral_burst:L10:random:1,cajado_ossario,toxina_palida|mare_escura,pacto_familiar,,6,1,,,
L15_starter_instrument_fixed,fixed,starter_instrument,Starter Instrument,15,996,band_003,battle_lab_character_rework_20260525:starter_instrument:L15:fixed:0,varinha_cinzas,,,,12,1,,,
L15_starter_instrument_r1,random,starter_instrument,Starter Instrument,15,938,band_003,battle_lab_character_rework_20260525:starter_instrument:L15:random:1,cetro_braseiro_negro,,,,11,0,,,
L15_mental_controller_fixed,fixed,mental_controller,Mental Controller,15,2712,band_005,battle_lab_character_rework_20260525:mental_controller:L15:fixed:0,grimorio_veu,sussurro_medo|terror_primordial,doutrina_pavor,corvo_pressagio,9,2,,,
L15_mental_controller_r1,random,mental_controller,Mental Controller,15,2474,band_005,battle_lab_character_rework_20260525:mental_controller:L15:random:1,selo_mare_fria,lamina_vento|mare_escura,doutrina_pavor,serpente_toxina,7,2,,,
L15_elemental_mixer_fixed,fixed,elemental_mixer,Elemental Mixer,15,2740,band_005,battle_lab_character_rework_20260525:elemental_mixer:L15:fixed:0,orbe_tempestade,descarga_nervosa|marca_brasa,pulso_tempestade,serpe_tempestade,10,2,,,
L15_elemental_mixer_r1,random,elemental_mixer,Elemental Mixer,15,2750,band_005,battle_lab_character_rework_20260525:elemental_mixer:L15:random:1,athame_hematico,incisao_ritual|hemorragia_induzida,pedra_interna,olho_veu,10,2,,,
L15_familiar_handler_fixed,fixed,familiar_handler,Familiar Handler,15,2558,band_005,battle_lab_character_rework_20260525:familiar_handler:L15:fixed:0,varinha_cinzas,sussurro_medo|incisao_ritual,pacto_familiar,corvo_pressagio,8,2,,,
L15_familiar_handler_r1,random,familiar_handler,Familiar Handler,15,2822,band_005,battle_lab_character_rework_20260525:familiar_handler:L15:random:1,varinha_cinzas,coagulo_negro|incisao_ritual,alquimia_toxica,cranio_errante,9,3,,,
L15_summoner_fixed,fixed,summoner,Summoner,15,2228,band_005,battle_lab_character_rework_20260525:summoner:L15:fixed:0,cajado_ossario,sussurro_medo,ossuario_interior,cranio_errante,8,3,,,
L15_summoner_r1,random,summoner,Summoner,15,2936,band_005,battle_lab_character_rework_20260525:summoner:L15:random:1,cetro_braseiro_negro,coagulo_negro|incisao_ritual,sangue_obediente,olho_veu,6,4,,,
L15_defensive_occultist_fixed,fixed,defensive_occultist,Defensive Occultist,15,2784,band_005,battle_lab_character_rework_20260525:defensive_occultist:L15:fixed:0,idolo_pedra_viva,coagulo_negro|raizes_pedra,pedra_interna,escaravelho_pedra,8,2,,,
L15_defensive_occultist_r1,random,defensive_occultist,Defensive Occultist,15,2076,band_004,battle_lab_character_rework_20260525:defensive_occultist:L15:random:1,selo_mare_fria,labirinto_razao,anatomista_profano,corvo_pressagio,9,2,,,
L15_dot_pressure_fixed,fixed,dot_pressure,DoT Pressure,15,2684,band_005,battle_lab_character_rework_20260525:dot_pressure:L15:fixed:0,athame_hematico,toxina_palida|marca_brasa,alquimia_toxica,serpente_toxina,8,2,,,
L15_dot_pressure_r1,random,dot_pressure,DoT Pressure,15,2542,band_005,battle_lab_character_rework_20260525:dot_pressure:L15:random:1,idolo_pedra_viva,sussurro_medo|terror_primordial,cinza_viva,medusa_mare_fria,10,3,,,
L15_funeral_burst_fixed,fixed,funeral_burst,Funeral Burst,15,2814,band_005,battle_lab_character_rework_20260525:funeral_burst:L15:fixed:0,cajado_ossario,descarga_nervosa|marca_brasa,ossuario_interior,cranio_errante,9,2,,,
L15_funeral_burst_r1,random,funeral_burst,Funeral Burst,15,2650,band_005,battle_lab_character_rework_20260525:funeral_burst:L15:random:1,orbe_tempestade,lamina_vento|marca_brasa,cinza_viva,corvo_pressagio,8,2,,,
L25_starter_instrument_fixed,fixed,starter_instrument,Starter Instrument,25,1670,band_004,battle_lab_character_rework_20260525:starter_instrument:L25:fixed:0,varinha_cinzas,,,,20,2,,,
L25_starter_instrument_r1,random,starter_instrument,Starter Instrument,25,1640,band_004,battle_lab_character_rework_20260525:starter_instrument:L25:random:1,grimorio_veu,,,,20,1,,,
L25_mental_controller_fixed,fixed,mental_controller,Mental Controller,25,5566,band_005,battle_lab_character_rework_20260525:mental_controller:L25:fixed:0,grimorio_veu,sussurro_medo|terror_primordial|labirinto_razao,doutrina_pavor,corvo_pressagio,16,3,,,
L25_mental_controller_r1,random,mental_controller,Mental Controller,25,4790,band_005,battle_lab_character_rework_20260525:mental_controller:L25:random:1,idolo_pedra_viva,erguer_ossos|mandato_oculto,mente_fria,cao_cinzas,15,4,,,
L25_elemental_mixer_fixed,fixed,elemental_mixer,Elemental Mixer,25,5544,band_005,battle_lab_character_rework_20260525:elemental_mixer:L25:fixed:0,orbe_tempestade,descarga_nervosa|marca_brasa|mare_escura,pulso_tempestade,serpe_tempestade,16,3,,,
L25_elemental_mixer_r1,random,elemental_mixer,Elemental Mixer,25,3540,band_005,battle_lab_character_rework_20260525:elemental_mixer:L25:random:1,athame_hematico,putrefacao,mente_fria,serpe_tempestade,16,4,,,
L25_familiar_handler_fixed,fixed,familiar_handler,Familiar Handler,25,5064,band_005,battle_lab_character_rework_20260525:familiar_handler:L25:fixed:0,varinha_cinzas,sussurro_medo|incisao_ritual|mare_escura,pacto_familiar,corvo_pressagio,14,3,,,
L25_familiar_handler_r1,random,familiar_handler,Familiar Handler,25,4246,band_005,battle_lab_character_rework_20260525:familiar_handler:L25:random:1,idolo_pedra_viva,mandato_oculto|prisao_gelo,anatomista_profano,serpente_toxina,13,4,,,
L25_summoner_fixed,fixed,summoner,Summoner,25,5694,band_005,battle_lab_character_rework_20260525:summoner:L25:fixed:0,cajado_ossario,sussurro_medo|erguer_ossos|invocar_brasa_faminta,ossuario_interior,cranio_errante,14,4,,,
L25_summoner_r1,random,summoner,Summoner,25,3508,band_005,battle_lab_character_rework_20260525:summoner:L25:random:1,cajado_ossario,incisao_ritual,pedra_interna,sanguessuga_sacramental,12,3,,,
L25_defensive_occultist_fixed,fixed,defensive_occultist,Defensive Occultist,25,5534,band_005,battle_lab_character_rework_20260525:defensive_occultist:L25:fixed:0,idolo_pedra_viva,coagulo_negro|raizes_pedra|geada_ossos,pedra_interna,escaravelho_pedra,14,3,,,
L25_defensive_occultist_r1,random,defensive_occultist,Defensive Occultist,25,3626,band_005,battle_lab_character_rework_20260525:defensive_occultist:L25:random:1,varinha_cinzas,terror_primordial,mare_silenciosa,sanguessuga_sacramental,10,3,,,
L25_dot_pressure_fixed,fixed,dot_pressure,DoT Pressure,25,5368,band_005,battle_lab_character_rework_20260525:dot_pressure:L25:fixed:0,athame_hematico,toxina_palida|marca_brasa|hemorragia_induzida,alquimia_toxica,serpente_toxina,14,3,,,
L25_dot_pressure_r1,random,dot_pressure,DoT Pressure,25,3342,band_005,battle_lab_character_rework_20260525:dot_pressure:L25:random:1,grimorio_veu,invocar_brasa_faminta,doutrina_pavor,serpe_tempestade,12,4,,,
L25_funeral_burst_fixed,fixed,funeral_burst,Funeral Burst,25,5708,band_005,battle_lab_character_rework_20260525:funeral_burst:L25:fixed:0,cajado_ossario,descarga_nervosa|marca_brasa|incisao_ritual,ossuario_interior,cranio_errante,16,3,,,
L25_funeral_burst_r1,random,funeral_burst,Funeral Burst,25,5850,band_005,battle_lab_character_rework_20260525:funeral_burst:L25:random:1,idolo_pedra_viva,coagulo_negro|marca_brasa|invocar_brasa_faminta,ossuario_interior,cao_cinzas,18,4,,,
L40_starter_instrument_fixed,fixed,starter_instrument,Starter Instrument,40,2666,band_005,battle_lab_character_rework_20260525:starter_instrument:L40:fixed:0,varinha_cinzas,,,,32,3,,,
L40_starter_instrument_r1,random,starter_instrument,Starter Instrument,40,2498,band_005,battle_lab_character_rework_20260525:starter_instrument:L40:random:1,idolo_pedra_viva,,,,26,3,,,
L40_mental_controller_fixed,fixed,mental_controller,Mental Controller,40,8808,band_005,battle_lab_character_rework_20260525:mental_controller:L40:fixed:0,grimorio_veu,sussurro_medo|terror_primordial|labirinto_razao,doutrina_pavor,corvo_pressagio,25,4,,,
L40_mental_controller_r1,random,mental_controller,Mental Controller,40,7248,band_005,battle_lab_character_rework_20260525:mental_controller:L40:random:1,cajado_ossario,sussurro_medo|labirinto_razao,pulso_tempestade,sanguessuga_sacramental,27,4,,,
L40_elemental_mixer_fixed,fixed,elemental_mixer,Elemental Mixer,40,8792,band_005,battle_lab_character_rework_20260525:elemental_mixer:L40:fixed:0,orbe_tempestade,descarga_nervosa|marca_brasa|mare_escura,pulso_tempestade,serpe_tempestade,26,4,,,
L40_elemental_mixer_r1,random,elemental_mixer,Elemental Mixer,40,7904,band_005,battle_lab_character_rework_20260525:elemental_mixer:L40:random:1,cetro_braseiro_negro,geada_ossos|toxina_palida|coagulo_negro,pedra_interna,corvo_pressagio,23,4,,,
L40_familiar_handler_fixed,fixed,familiar_handler,Familiar Handler,40,7952,band_005,battle_lab_character_rework_20260525:familiar_handler:L40:fixed:0,varinha_cinzas,sussurro_medo|incisao_ritual|mare_escura,pacto_familiar,corvo_pressagio,22,4,,,
L40_familiar_handler_r1,random,familiar_handler,Familiar Handler,40,6906,band_005,battle_lab_character_rework_20260525:familiar_handler:L40:random:1,grimorio_veu,labirinto_razao|hemorragia_induzida,doutrina_pavor,escaravelho_pedra,22,3,,,
L40_summoner_fixed,fixed,summoner,Summoner,40,8912,band_005,battle_lab_character_rework_20260525:summoner:L40:fixed:0,cajado_ossario,sussurro_medo|erguer_ossos|invocar_brasa_faminta,ossuario_interior,cranio_errante,22,4,,,
L40_summoner_r1,random,summoner,Summoner,40,7110,band_005,battle_lab_character_rework_20260525:summoner:L40:random:1,cajado_ossario,erguer_ossos|coagulo_negro,pedra_interna,corvo_pressagio,28,4,,,
L40_defensive_occultist_fixed,fixed,defensive_occultist,Defensive Occultist,40,8728,band_005,battle_lab_character_rework_20260525:defensive_occultist:L40:fixed:0,idolo_pedra_viva,coagulo_negro|raizes_pedra|geada_ossos,pedra_interna,escaravelho_pedra,22,4,,,
L40_defensive_occultist_r1,random,defensive_occultist,Defensive Occultist,40,9038,band_005,battle_lab_character_rework_20260525:defensive_occultist:L40:random:1,grimorio_veu,sussurro_medo|lamina_vento|erguer_ossos,pedra_interna,cranio_errante,27,3,,,
L40_dot_pressure_fixed,fixed,dot_pressure,DoT Pressure,40,8526,band_005,battle_lab_character_rework_20260525:dot_pressure:L40:fixed:0,athame_hematico,toxina_palida|marca_brasa|hemorragia_induzida,alquimia_toxica,serpente_toxina,22,4,,,
L40_dot_pressure_r1,random,dot_pressure,DoT Pressure,40,5490,band_005,battle_lab_character_rework_20260525:dot_pressure:L40:random:1,cetro_braseiro_negro,incisao_ritual,alquimia_toxica,sanguessuga_sacramental,19,4,,,
L40_funeral_burst_fixed,fixed,funeral_burst,Funeral Burst,40,9092,band_005,battle_lab_character_rework_20260525:funeral_burst:L40:fixed:0,cajado_ossario,descarga_nervosa|marca_brasa|incisao_ritual,ossuario_interior,cranio_errante,25,4,,,
L40_funeral_burst_r1,random,funeral_burst,Funeral Burst,40,7004,band_005,battle_lab_character_rework_20260525:funeral_burst:L40:random:1,cajado_ossario,raizes_pedra|erguer_ossos,pulso_tempestade,cranio_errante,31,4,,,
PL_free_50_rewards_2h,fixed,elemental_mixer,Elemental Mixer,8,500,band_002,battle_lab_character_rework_20260525:progression_save:free_50_rewards_2h,orbe_tempestade,descarga_nervosa|marca_brasa,,,3,0,,,"{""descarga_nervosa"":{""enabled"":true,""hp"":{""mode"":""ignore"",""percent"":0},""mana"":{""mode"":""ignore"",""percent"":0}},""marca_brasa"":{""enabled"":true,""hp"":{""mode"":""ignore"",""percent"":0},""mana"":{""mode"":""ignore"",""percent"":0}}}"
PL_free_50_rewards_5h,fixed,elemental_mixer,Elemental Mixer,11,806,band_003,battle_lab_character_rework_20260525:progression_save:free_50_rewards_5h,orbe_tempestade,descarga_nervosa|marca_brasa,pulso_tempestade,,5,0,,"{""slotIndex"":1,""itemId"":""pocao_vida"",""quantity"":2,""behavior"":{""enabled"":true,""hp"":{""mode"":""below"",""percent"":40},""mana"":{""mode"":""ignore"",""percent"":0}}}","{""descarga_nervosa"":{""enabled"":true,""hp"":{""mode"":""ignore"",""percent"":0},""mana"":{""mode"":""ignore"",""percent"":0}},""marca_brasa"":{""enabled"":true,""hp"":{""mode"":""ignore"",""percent"":0},""mana"":{""mode"":""ignore"",""percent"":0}}}"
PL_free_50_rewards_10h,fixed,elemental_mixer,Elemental Mixer,14,1312,band_004,battle_lab_character_rework_20260525:progression_save:free_50_rewards_10h,orbe_tempestade,descarga_nervosa|marca_brasa,pulso_tempestade,,7,0,,"{""slotIndex"":1,""itemId"":""pocao_vida"",""quantity"":3,""behavior"":{""enabled"":true,""hp"":{""mode"":""below"",""percent"":40},""mana"":{""mode"":""ignore"",""percent"":0}}}","{""descarga_nervosa"":{""enabled"":true,""hp"":{""mode"":""ignore"",""percent"":0},""mana"":{""mode"":""ignore"",""percent"":0}},""marca_brasa"":{""enabled"":true,""hp"":{""mode"":""ignore"",""percent"":0},""mana"":{""mode"":""ignore"",""percent"":0}}}"
PL_free_50_rewards_15h,fixed,elemental_mixer,Elemental Mixer,16,1974,band_004,battle_lab_character_rework_20260525:progression_save:free_50_rewards_15h,orbe_tempestade,descarga_nervosa|marca_brasa,pulso_tempestade,serpe_tempestade,8,0,,"{""slotIndex"":1,""itemId"":""pocao_vida"",""quantity"":4,""behavior"":{""enabled"":true,""hp"":{""mode"":""below"",""percent"":40},""mana"":{""mode"":""ignore"",""percent"":0}}}","{""descarga_nervosa"":{""enabled"":true,""hp"":{""mode"":""ignore"",""percent"":0},""mana"":{""mode"":""ignore"",""percent"":0}},""marca_brasa"":{""enabled"":true,""hp"":{""mode"":""ignore"",""percent"":0},""mana"":{""mode"":""ignore"",""percent"":0}}}"
PL_free_50_rewards_20h,fixed,elemental_mixer,Elemental Mixer,20,2612,band_005,battle_lab_character_rework_20260525:progression_save:free_50_rewards_20h,orbe_tempestade,descarga_nervosa|marca_brasa,pulso_tempestade,serpe_tempestade,10,0,,"{""slotIndex"":1,""itemId"":""pocao_vida"",""quantity"":5,""behavior"":{""enabled"":true,""hp"":{""mode"":""below"",""percent"":40},""mana"":{""mode"":""ignore"",""percent"":0}}}","{""descarga_nervosa"":{""enabled"":true,""hp"":{""mode"":""ignore"",""percent"":0},""mana"":{""mode"":""ignore"",""percent"":0}},""marca_brasa"":{""enabled"":true,""hp"":{""mode"":""ignore"",""percent"":0},""mana"":{""mode"":""ignore"",""percent"":0}}}"
PL_free_100_rewards_2h,fixed,funeral_burst,Funeral Burst,10,684,band_003,battle_lab_character_rework_20260525:progression_save:free_100_rewards_2h,cajado_ossario,descarga_nervosa|marca_brasa,ossuario_interior,,5,0,,,"{""descarga_nervosa"":{""enabled"":true,""hp"":{""mode"":""ignore"",""percent"":0},""mana"":{""mode"":""ignore"",""percent"":0}},""marca_brasa"":{""enabled"":true,""hp"":{""mode"":""ignore"",""percent"":0},""mana"":{""mode"":""ignore"",""percent"":0}}}"
PL_free_100_rewards_5h,fixed,funeral_burst,Funeral Burst,13,1076,band_003,battle_lab_character_rework_20260525:progression_save:free_100_rewards_5h,cajado_ossario,descarga_nervosa|marca_brasa,ossuario_interior,,8,0,,"{""slotIndex"":1,""itemId"":""pocao_vida"",""quantity"":2,""behavior"":{""enabled"":true,""hp"":{""mode"":""below"",""percent"":40},""mana"":{""mode"":""ignore"",""percent"":0}}}","{""descarga_nervosa"":{""enabled"":true,""hp"":{""mode"":""ignore"",""percent"":0},""mana"":{""mode"":""ignore"",""percent"":0}},""marca_brasa"":{""enabled"":true,""hp"":{""mode"":""ignore"",""percent"":0},""mana"":{""mode"":""ignore"",""percent"":0}}}"
PL_free_100_rewards_10h,fixed,elemental_mixer,Elemental Mixer,17,2116,band_004,battle_lab_character_rework_20260525:progression_save:free_100_rewards_10h,orbe_tempestade,descarga_nervosa|marca_brasa,pulso_tempestade,serpe_tempestade,11,0,,"{""slotIndex"":1,""itemId"":""pocao_vida"",""quantity"":3,""behavior"":{""enabled"":true,""hp"":{""mode"":""below"",""percent"":40},""mana"":{""mode"":""ignore"",""percent"":0}}}","{""descarga_nervosa"":{""enabled"":true,""hp"":{""mode"":""ignore"",""percent"":0},""mana"":{""mode"":""ignore"",""percent"":0}},""marca_brasa"":{""enabled"":true,""hp"":{""mode"":""ignore"",""percent"":0},""mana"":{""mode"":""ignore"",""percent"":0}}}"
PL_free_100_rewards_15h,fixed,elemental_mixer,Elemental Mixer,20,2588,band_005,battle_lab_character_rework_20260525:progression_save:free_100_rewards_15h,orbe_tempestade,descarga_nervosa|marca_brasa,pulso_tempestade,serpe_tempestade,12,0,,"{""slotIndex"":1,""itemId"":""pocao_vida"",""quantity"":4,""behavior"":{""enabled"":true,""hp"":{""mode"":""below"",""percent"":40},""mana"":{""mode"":""ignore"",""percent"":0}}}","{""descarga_nervosa"":{""enabled"":true,""hp"":{""mode"":""ignore"",""percent"":0},""mana"":{""mode"":""ignore"",""percent"":0}},""marca_brasa"":{""enabled"":true,""hp"":{""mode"":""ignore"",""percent"":0},""mana"":{""mode"":""ignore"",""percent"":0}}}"
PL_free_100_rewards_20h,fixed,elemental_mixer,Elemental Mixer,24,3248,band_005,battle_lab_character_rework_20260525:progression_save:free_100_rewards_20h,orbe_tempestade,descarga_nervosa|marca_brasa,pulso_tempestade,serpe_tempestade,15,0,,"{""slotIndex"":1,""itemId"":""pocao_vida"",""quantity"":5,""behavior"":{""enabled"":true,""hp"":{""mode"":""below"",""percent"":40},""mana"":{""mode"":""ignore"",""percent"":0}}}","{""descarga_nervosa"":{""enabled"":true,""hp"":{""mode"":""ignore"",""percent"":0},""mana"":{""mode"":""ignore"",""percent"":0}},""marca_brasa"":{""enabled"":true,""hp"":{""mode"":""ignore"",""percent"":0},""mana"":{""mode"":""ignore"",""percent"":0}}}"
PL_freemium_basic_2h,fixed,funeral_burst,Funeral Burst,10,712,band_003,battle_lab_character_rework_20260525:progression_save:freemium_basic_2h,cajado_ossario,descarga_nervosa|marca_brasa,ossuario_interior,,6,0,,,"{""descarga_nervosa"":{""enabled"":true,""hp"":{""mode"":""ignore"",""percent"":0},""mana"":{""mode"":""ignore"",""percent"":0}},""marca_brasa"":{""enabled"":true,""hp"":{""mode"":""ignore"",""percent"":0},""mana"":{""mode"":""ignore"",""percent"":0}}}"
PL_freemium_basic_5h,fixed,funeral_burst,Funeral Burst,13,1126,band_003,battle_lab_character_rework_20260525:progression_save:freemium_basic_5h,cajado_ossario,descarga_nervosa|marca_brasa,ossuario_interior,,9,0,,"{""slotIndex"":1,""itemId"":""pocao_vida"",""quantity"":2,""behavior"":{""enabled"":true,""hp"":{""mode"":""below"",""percent"":40},""mana"":{""mode"":""ignore"",""percent"":0}}}","{""descarga_nervosa"":{""enabled"":true,""hp"":{""mode"":""ignore"",""percent"":0},""mana"":{""mode"":""ignore"",""percent"":0}},""marca_brasa"":{""enabled"":true,""hp"":{""mode"":""ignore"",""percent"":0},""mana"":{""mode"":""ignore"",""percent"":0}}}"
PL_freemium_basic_10h,fixed,familiar_handler,Familiar Handler,17,2166,band_004,battle_lab_character_rework_20260525:progression_save:freemium_basic_10h,varinha_cinzas,sussurro_medo|marca_brasa,pacto_familiar,corvo_pressagio,12,0,,"{""slotIndex"":1,""itemId"":""pocao_vida"",""quantity"":3,""behavior"":{""enabled"":true,""hp"":{""mode"":""below"",""percent"":40},""mana"":{""mode"":""ignore"",""percent"":0}}}","{""sussurro_medo"":{""enabled"":true,""hp"":{""mode"":""ignore"",""percent"":0},""mana"":{""mode"":""ignore"",""percent"":0}},""marca_brasa"":{""enabled"":true,""hp"":{""mode"":""ignore"",""percent"":0},""mana"":{""mode"":""ignore"",""percent"":0}}}"
PL_freemium_basic_15h,fixed,familiar_handler,Familiar Handler,19,2630,band_005,battle_lab_character_rework_20260525:progression_save:freemium_basic_15h,varinha_cinzas,sussurro_medo|marca_brasa,pacto_familiar,corvo_pressagio,13,0,,"{""slotIndex"":1,""itemId"":""pocao_vida"",""quantity"":4,""behavior"":{""enabled"":true,""hp"":{""mode"":""below"",""percent"":40},""mana"":{""mode"":""ignore"",""percent"":0}}}","{""sussurro_medo"":{""enabled"":true,""hp"":{""mode"":""ignore"",""percent"":0},""mana"":{""mode"":""ignore"",""percent"":0}},""marca_brasa"":{""enabled"":true,""hp"":{""mode"":""ignore"",""percent"":0},""mana"":{""mode"":""ignore"",""percent"":0}}}"
PL_freemium_basic_20h,fixed,familiar_handler,Familiar Handler,23,3268,band_005,battle_lab_character_rework_20260525:progression_save:freemium_basic_20h,varinha_cinzas,sussurro_medo|marca_brasa,pacto_familiar,corvo_pressagio,16,0,,"{""slotIndex"":1,""itemId"":""pocao_vida"",""quantity"":5,""behavior"":{""enabled"":true,""hp"":{""mode"":""below"",""percent"":40},""mana"":{""mode"":""ignore"",""percent"":0}}}","{""sussurro_medo"":{""enabled"":true,""hp"":{""mode"":""ignore"",""percent"":0},""mana"":{""mode"":""ignore"",""percent"":0}},""marca_brasa"":{""enabled"":true,""hp"":{""mode"":""ignore"",""percent"":0},""mana"":{""mode"":""ignore"",""percent"":0}}}"
PL_spender_light_2h,fixed,funeral_burst,Funeral Burst,10,802,band_003,battle_lab_character_rework_20260525:progression_save:spender_light_2h,cajado_ossario,descarga_nervosa|marca_brasa,ossuario_interior,,7,0,,,"{""descarga_nervosa"":{""enabled"":true,""hp"":{""mode"":""ignore"",""percent"":0},""mana"":{""mode"":""ignore"",""percent"":0}},""marca_brasa"":{""enabled"":true,""hp"":{""mode"":""ignore"",""percent"":0},""mana"":{""mode"":""ignore"",""percent"":0}}}"
PL_spender_light_5h,fixed,funeral_burst,Funeral Burst,14,1360,band_004,battle_lab_character_rework_20260525:progression_save:spender_light_5h,cajado_ossario,descarga_nervosa|marca_brasa,ossuario_interior,,10,0,,"{""slotIndex"":1,""itemId"":""pocao_vida"",""quantity"":2,""behavior"":{""enabled"":true,""hp"":{""mode"":""below"",""percent"":40},""mana"":{""mode"":""ignore"",""percent"":0}}}","{""descarga_nervosa"":{""enabled"":true,""hp"":{""mode"":""ignore"",""percent"":0},""mana"":{""mode"":""ignore"",""percent"":0}},""marca_brasa"":{""enabled"":true,""hp"":{""mode"":""ignore"",""percent"":0},""mana"":{""mode"":""ignore"",""percent"":0}}}"
PL_spender_light_10h,fixed,familiar_handler,Familiar Handler,18,2508,band_005,battle_lab_character_rework_20260525:progression_save:spender_light_10h,varinha_cinzas,sussurro_medo|marca_brasa,pacto_familiar,corvo_pressagio,13,0,,"{""slotIndex"":1,""itemId"":""pocao_vida"",""quantity"":3,""behavior"":{""enabled"":true,""hp"":{""mode"":""below"",""percent"":40},""mana"":{""mode"":""ignore"",""percent"":0}}}","{""sussurro_medo"":{""enabled"":true,""hp"":{""mode"":""ignore"",""percent"":0},""mana"":{""mode"":""ignore"",""percent"":0}},""marca_brasa"":{""enabled"":true,""hp"":{""mode"":""ignore"",""percent"":0},""mana"":{""mode"":""ignore"",""percent"":0}}}"
PL_spender_light_15h,fixed,familiar_handler,Familiar Handler,20,2960,band_005,battle_lab_character_rework_20260525:progression_save:spender_light_15h,varinha_cinzas,sussurro_medo|marca_brasa,pacto_familiar,corvo_pressagio,15,0,,"{""slotIndex"":1,""itemId"":""pocao_vida"",""quantity"":4,""behavior"":{""enabled"":true,""hp"":{""mode"":""below"",""percent"":40},""mana"":{""mode"":""ignore"",""percent"":0}}}","{""sussurro_medo"":{""enabled"":true,""hp"":{""mode"":""ignore"",""percent"":0},""mana"":{""mode"":""ignore"",""percent"":0}},""marca_brasa"":{""enabled"":true,""hp"":{""mode"":""ignore"",""percent"":0},""mana"":{""mode"":""ignore"",""percent"":0}}}"
PL_spender_light_20h,fixed,familiar_handler,Familiar Handler,24,3628,band_005,battle_lab_character_rework_20260525:progression_save:spender_light_20h,varinha_cinzas,sussurro_medo|marca_brasa,pacto_familiar,corvo_pressagio,18,1,,"{""slotIndex"":1,""itemId"":""pocao_vida"",""quantity"":5,""behavior"":{""enabled"":true,""hp"":{""mode"":""below"",""percent"":40},""mana"":{""mode"":""ignore"",""percent"":0}}}","{""sussurro_medo"":{""enabled"":true,""hp"":{""mode"":""ignore"",""percent"":0},""mana"":{""mode"":""ignore"",""percent"":0}},""marca_brasa"":{""enabled"":true,""hp"":{""mode"":""ignore"",""percent"":0},""mana"":{""mode"":""ignore"",""percent"":0}}}"
PL_max_spender_2h,fixed,funeral_burst,Funeral Burst,11,860,band_003,battle_lab_character_rework_20260525:progression_save:max_spender_2h,cajado_ossario,descarga_nervosa|marca_brasa,ossuario_interior,,9,0,,,"{""descarga_nervosa"":{""enabled"":true,""hp"":{""mode"":""ignore"",""percent"":0},""mana"":{""mode"":""ignore"",""percent"":0}},""marca_brasa"":{""enabled"":true,""hp"":{""mode"":""ignore"",""percent"":0},""mana"":{""mode"":""ignore"",""percent"":0}}}"
PL_max_spender_5h,fixed,funeral_burst,Funeral Burst,14,1398,band_004,battle_lab_character_rework_20260525:progression_save:max_spender_5h,cajado_ossario,descarga_nervosa|marca_brasa,ossuario_interior,,12,0,,"{""slotIndex"":1,""itemId"":""pocao_vida"",""quantity"":2,""behavior"":{""enabled"":true,""hp"":{""mode"":""below"",""percent"":40},""mana"":{""mode"":""ignore"",""percent"":0}}}","{""descarga_nervosa"":{""enabled"":true,""hp"":{""mode"":""ignore"",""percent"":0},""mana"":{""mode"":""ignore"",""percent"":0}},""marca_brasa"":{""enabled"":true,""hp"":{""mode"":""ignore"",""percent"":0},""mana"":{""mode"":""ignore"",""percent"":0}}}"
PL_max_spender_10h,fixed,familiar_handler,Familiar Handler,18,2660,band_005,battle_lab_character_rework_20260525:progression_save:max_spender_10h,varinha_cinzas,sussurro_medo|marca_brasa,pacto_familiar,corvo_pressagio,15,0,,"{""slotIndex"":1,""itemId"":""pocao_vida"",""quantity"":3,""behavior"":{""enabled"":true,""hp"":{""mode"":""below"",""percent"":40},""mana"":{""mode"":""ignore"",""percent"":0}}}","{""sussurro_medo"":{""enabled"":true,""hp"":{""mode"":""ignore"",""percent"":0},""mana"":{""mode"":""ignore"",""percent"":0}},""marca_brasa"":{""enabled"":true,""hp"":{""mode"":""ignore"",""percent"":0},""mana"":{""mode"":""ignore"",""percent"":0}}}"
PL_max_spender_15h,fixed,familiar_handler,Familiar Handler,21,3102,band_005,battle_lab_character_rework_20260525:progression_save:max_spender_15h,varinha_cinzas,sussurro_medo|marca_brasa,pacto_familiar,corvo_pressagio,18,0,,"{""slotIndex"":1,""itemId"":""pocao_vida"",""quantity"":4,""behavior"":{""enabled"":true,""hp"":{""mode"":""below"",""percent"":40},""mana"":{""mode"":""ignore"",""percent"":0}}}","{""sussurro_medo"":{""enabled"":true,""hp"":{""mode"":""ignore"",""percent"":0},""mana"":{""mode"":""ignore"",""percent"":0}},""marca_brasa"":{""enabled"":true,""hp"":{""mode"":""ignore"",""percent"":0},""mana"":{""mode"":""ignore"",""percent"":0}}}"
PL_max_spender_20h,fixed,summoner,Summoner,25,4078,band_005,battle_lab_character_rework_20260525:progression_save:max_spender_20h,cajado_ossario,sussurro_medo|erguer_ossos|invocar_brasa_faminta,ossuario_interior,cranio_errante,22,1,,"{""slotIndex"":1,""itemId"":""pocao_vida"",""quantity"":5,""behavior"":{""enabled"":true,""hp"":{""mode"":""below"",""percent"":40},""mana"":{""mode"":""ignore"",""percent"":0}}}","{""sussurro_medo"":{""enabled"":true,""hp"":{""mode"":""ignore"",""percent"":0},""mana"":{""mode"":""ignore"",""percent"":0}},""erguer_ossos"":{""enabled"":true,""hp"":{""mode"":""ignore"",""percent"":0},""mana"":{""mode"":""ignore"",""percent"":0}},""invocar_brasa_faminta"":{""enabled"":true,""hp"":{""mode"":""ignore"",""percent"":0},""mana"":{""mode"":""ignore"",""percent"":0}}}"
PLBOT_bot_free_50_rewards_2h_m12,fixed,elemental_mixer,Elemental Mixer,8,500,band_002,battle_lab_character_rework_20260525:progression_bot:bot_free_50_rewards_2h_m12,orbe_tempestade,descarga_nervosa|marca_brasa,,,3,0,,,
PLBOT_bot_free_50_rewards_2h_p0,fixed,elemental_mixer,Elemental Mixer,8,500,band_002,battle_lab_character_rework_20260525:progression_bot:bot_free_50_rewards_2h_p0,orbe_tempestade,descarga_nervosa|marca_brasa,,,3,0,,,
PLBOT_bot_free_50_rewards_2h_p12,fixed,funeral_burst,Funeral Burst,8,500,band_002,battle_lab_character_rework_20260525:progression_bot:bot_free_50_rewards_2h_p12,cajado_ossario,descarga_nervosa|marca_brasa,,,3,0,,,
PLBOT_bot_free_50_rewards_5h_m12,fixed,elemental_mixer,Elemental Mixer,11,778,band_003,battle_lab_character_rework_20260525:progression_bot:bot_free_50_rewards_5h_m12,orbe_tempestade,descarga_nervosa|marca_brasa,pulso_tempestade,,4,0,,,
PLBOT_bot_free_50_rewards_5h_p0,fixed,elemental_mixer,Elemental Mixer,11,806,band_003,battle_lab_character_rework_20260525:progression_bot:bot_free_50_rewards_5h_p0,orbe_tempestade,descarga_nervosa|marca_brasa,pulso_tempestade,,5,0,,,
PLBOT_bot_free_50_rewards_5h_p12,fixed,funeral_burst,Funeral Burst,11,834,band_003,battle_lab_character_rework_20260525:progression_bot:bot_free_50_rewards_5h_p12,cajado_ossario,descarga_nervosa|marca_brasa,ossuario_interior,,6,0,,,
PLBOT_bot_free_50_rewards_10h_m12,fixed,elemental_mixer,Elemental Mixer,14,1164,band_003,battle_lab_character_rework_20260525:progression_bot:bot_free_50_rewards_10h_m12,orbe_tempestade,descarga_nervosa|marca_brasa,pulso_tempestade,,6,0,,,
PLBOT_bot_free_50_rewards_10h_p0,fixed,elemental_mixer,Elemental Mixer,14,1272,band_004,battle_lab_character_rework_20260525:progression_bot:bot_free_50_rewards_10h_p0,orbe_tempestade,descarga_nervosa|marca_brasa,pulso_tempestade,,7,0,,,
PLBOT_bot_free_50_rewards_10h_p12,fixed,funeral_burst,Funeral Burst,14,1380,band_004,battle_lab_character_rework_20260525:progression_bot:bot_free_50_rewards_10h_p12,cajado_ossario,descarga_nervosa|marca_brasa,ossuario_interior,,8,0,,,
PLBOT_bot_free_50_rewards_15h_m12,fixed,elemental_mixer,Elemental Mixer,16,1810,band_004,battle_lab_character_rework_20260525:progression_bot:bot_free_50_rewards_15h_m12,orbe_tempestade,descarga_nervosa|marca_brasa,pulso_tempestade,serpe_tempestade,7,0,,,
PLBOT_bot_free_50_rewards_15h_p0,fixed,elemental_mixer,Elemental Mixer,16,1974,band_004,battle_lab_character_rework_20260525:progression_bot:bot_free_50_rewards_15h_p0,orbe_tempestade,descarga_nervosa|marca_brasa,pulso_tempestade,serpe_tempestade,8,0,,,
PLBOT_bot_free_50_rewards_15h_p12,fixed,funeral_burst,Funeral Burst,16,2138,band_004,battle_lab_character_rework_20260525:progression_bot:bot_free_50_rewards_15h_p12,cajado_ossario,descarga_nervosa|marca_brasa,ossuario_interior,cranio_errante,9,0,,,
PLBOT_bot_free_50_rewards_20h_m12,fixed,elemental_mixer,Elemental Mixer,20,2408,band_005,battle_lab_character_rework_20260525:progression_bot:bot_free_50_rewards_20h_m12,orbe_tempestade,descarga_nervosa|marca_brasa,pulso_tempestade,serpe_tempestade,9,0,,,
PLBOT_bot_free_50_rewards_20h_p0,fixed,elemental_mixer,Elemental Mixer,20,2572,band_005,battle_lab_character_rework_20260525:progression_bot:bot_free_50_rewards_20h_p0,orbe_tempestade,descarga_nervosa|marca_brasa,pulso_tempestade,serpe_tempestade,10,0,,,
PLBOT_bot_free_50_rewards_20h_p12,fixed,funeral_burst,Funeral Burst,20,2736,band_005,battle_lab_character_rework_20260525:progression_bot:bot_free_50_rewards_20h_p12,cajado_ossario,descarga_nervosa|marca_brasa,ossuario_interior,cranio_errante,11,0,,,
PLBOT_bot_free_100_rewards_2h_m12,fixed,funeral_burst,Funeral Burst,10,656,band_003,battle_lab_character_rework_20260525:progression_bot:bot_free_100_rewards_2h_m12,cajado_ossario,descarga_nervosa|marca_brasa,ossuario_interior,,4,0,,,
PLBOT_bot_free_100_rewards_2h_p0,fixed,funeral_burst,Funeral Burst,10,684,band_003,battle_lab_character_rework_20260525:progression_bot:bot_free_100_rewards_2h_p0,cajado_ossario,descarga_nervosa|marca_brasa,ossuario_interior,,5,0,,,
PLBOT_bot_free_100_rewards_2h_p12,fixed,funeral_burst,Funeral Burst,10,712,band_003,battle_lab_character_rework_20260525:progression_bot:bot_free_100_rewards_2h_p12,cajado_ossario,descarga_nervosa|marca_brasa,ossuario_interior,,6,0,,,
PLBOT_bot_free_100_rewards_5h_m12,fixed,funeral_burst,Funeral Burst,13,1048,band_003,battle_lab_character_rework_20260525:progression_bot:bot_free_100_rewards_5h_m12,cajado_ossario,descarga_nervosa|marca_brasa,ossuario_interior,,7,0,,,
PLBOT_bot_free_100_rewards_5h_p0,fixed,funeral_burst,Funeral Burst,13,1076,band_003,battle_lab_character_rework_20260525:progression_bot:bot_free_100_rewards_5h_p0,cajado_ossario,descarga_nervosa|marca_brasa,ossuario_interior,,8,0,,,
PLBOT_bot_free_100_rewards_5h_p12,fixed,funeral_burst,Funeral Burst,13,1104,band_003,battle_lab_character_rework_20260525:progression_bot:bot_free_100_rewards_5h_p12,cajado_ossario,descarga_nervosa|marca_brasa,ossuario_interior,,9,0,,,
PLBOT_bot_free_100_rewards_10h_m12,fixed,elemental_mixer,Elemental Mixer,17,1912,band_004,battle_lab_character_rework_20260525:progression_bot:bot_free_100_rewards_10h_m12,orbe_tempestade,descarga_nervosa|marca_brasa,pulso_tempestade,serpe_tempestade,10,0,,,
PLBOT_bot_free_100_rewards_10h_p0,fixed,elemental_mixer,Elemental Mixer,17,2076,band_004,battle_lab_character_rework_20260525:progression_bot:bot_free_100_rewards_10h_p0,orbe_tempestade,descarga_nervosa|marca_brasa,pulso_tempestade,serpe_tempestade,11,0,,,
PLBOT_bot_free_100_rewards_10h_p12,fixed,funeral_burst,Funeral Burst,17,2240,band_005,battle_lab_character_rework_20260525:progression_bot:bot_free_100_rewards_10h_p12,cajado_ossario,descarga_nervosa|marca_brasa,ossuario_interior,cranio_errante,12,0,,,
PLBOT_bot_free_100_rewards_15h_m12,fixed,elemental_mixer,Elemental Mixer,20,2384,band_005,battle_lab_character_rework_20260525:progression_bot:bot_free_100_rewards_15h_m12,orbe_tempestade,descarga_nervosa|marca_brasa,pulso_tempestade,serpe_tempestade,11,0,,,
PLBOT_bot_free_100_rewards_15h_p0,fixed,elemental_mixer,Elemental Mixer,20,2548,band_005,battle_lab_character_rework_20260525:progression_bot:bot_free_100_rewards_15h_p0,orbe_tempestade,descarga_nervosa|marca_brasa,pulso_tempestade,serpe_tempestade,12,0,,,
PLBOT_bot_free_100_rewards_15h_p12,fixed,funeral_burst,Funeral Burst,20,2712,band_005,battle_lab_character_rework_20260525:progression_bot:bot_free_100_rewards_15h_p12,cajado_ossario,descarga_nervosa|marca_brasa,ossuario_interior,cranio_errante,13,0,,,
PLBOT_bot_free_100_rewards_20h_m12,fixed,elemental_mixer,Elemental Mixer,24,2902,band_005,battle_lab_character_rework_20260525:progression_bot:bot_free_100_rewards_20h_m12,orbe_tempestade,descarga_nervosa|marca_brasa,pulso_tempestade,serpe_tempestade,13,0,,,
PLBOT_bot_free_100_rewards_20h_p0,fixed,elemental_mixer,Elemental Mixer,24,3208,band_005,battle_lab_character_rework_20260525:progression_bot:bot_free_100_rewards_20h_p0,orbe_tempestade,descarga_nervosa|marca_brasa,pulso_tempestade,serpe_tempestade,15,0,,,
PLBOT_bot_free_100_rewards_20h_p12,fixed,funeral_burst,Funeral Burst,24,3514,band_005,battle_lab_character_rework_20260525:progression_bot:bot_free_100_rewards_20h_p12,cajado_ossario,descarga_nervosa|marca_brasa,ossuario_interior,cranio_errante,17,0,,,
PLBOT_bot_freemium_basic_2h_m12,fixed,funeral_burst,Funeral Burst,10,684,band_003,battle_lab_character_rework_20260525:progression_bot:bot_freemium_basic_2h_m12,cajado_ossario,descarga_nervosa|marca_brasa,ossuario_interior,,5,0,,,
PLBOT_bot_freemium_basic_2h_p0,fixed,funeral_burst,Funeral Burst,10,712,band_003,battle_lab_character_rework_20260525:progression_bot:bot_freemium_basic_2h_p0,cajado_ossario,descarga_nervosa|marca_brasa,ossuario_interior,,6,0,,,
PLBOT_bot_freemium_basic_2h_p12,fixed,funeral_burst,Funeral Burst,10,740,band_003,battle_lab_character_rework_20260525:progression_bot:bot_freemium_basic_2h_p12,cajado_ossario,descarga_nervosa|marca_brasa,ossuario_interior,,7,0,,,
PLBOT_bot_freemium_basic_5h_m12,fixed,funeral_burst,Funeral Burst,13,1098,band_003,battle_lab_character_rework_20260525:progression_bot:bot_freemium_basic_5h_m12,cajado_ossario,descarga_nervosa|marca_brasa,ossuario_interior,,8,0,,,
PLBOT_bot_freemium_basic_5h_p0,fixed,funeral_burst,Funeral Burst,13,1126,band_003,battle_lab_character_rework_20260525:progression_bot:bot_freemium_basic_5h_p0,cajado_ossario,descarga_nervosa|marca_brasa,ossuario_interior,,9,0,,,
PLBOT_bot_freemium_basic_5h_p12,fixed,funeral_burst,Funeral Burst,13,1154,band_003,battle_lab_character_rework_20260525:progression_bot:bot_freemium_basic_5h_p12,cajado_ossario,descarga_nervosa|marca_brasa,ossuario_interior,,10,0,,,
PLBOT_bot_freemium_basic_10h_m12,fixed,familiar_handler,Familiar Handler,17,1962,band_004,battle_lab_character_rework_20260525:progression_bot:bot_freemium_basic_10h_m12,varinha_cinzas,sussurro_medo|marca_brasa,pacto_familiar,corvo_pressagio,11,0,,,
PLBOT_bot_freemium_basic_10h_p0,fixed,familiar_handler,Familiar Handler,17,2126,band_004,battle_lab_character_rework_20260525:progression_bot:bot_freemium_basic_10h_p0,varinha_cinzas,sussurro_medo|marca_brasa,pacto_familiar,corvo_pressagio,12,0,,,
PLBOT_bot_freemium_basic_10h_p12,fixed,funeral_burst,Funeral Burst,17,2290,band_005,battle_lab_character_rework_20260525:progression_bot:bot_freemium_basic_10h_p12,cajado_ossario,descarga_nervosa|marca_brasa,ossuario_interior,cranio_errante,13,0,,,
PLBOT_bot_freemium_basic_15h_m12,fixed,familiar_handler,Familiar Handler,19,2398,band_005,battle_lab_character_rework_20260525:progression_bot:bot_freemium_basic_15h_m12,varinha_cinzas,sussurro_medo|marca_brasa,pacto_familiar,corvo_pressagio,11,0,,,
PLBOT_bot_freemium_basic_15h_p0,fixed,familiar_handler,Familiar Handler,19,2590,band_005,battle_lab_character_rework_20260525:progression_bot:bot_freemium_basic_15h_p0,varinha_cinzas,sussurro_medo|marca_brasa,pacto_familiar,corvo_pressagio,13,0,,,
PLBOT_bot_freemium_basic_15h_p12,fixed,funeral_burst,Funeral Burst,19,2782,band_005,battle_lab_character_rework_20260525:progression_bot:bot_freemium_basic_15h_p12,cajado_ossario,descarga_nervosa|marca_brasa,ossuario_interior,cranio_errante,15,0,,,
PLBOT_bot_freemium_basic_20h_m12,fixed,familiar_handler,Familiar Handler,23,2922,band_005,battle_lab_character_rework_20260525:progression_bot:bot_freemium_basic_20h_m12,varinha_cinzas,sussurro_medo|marca_brasa,pacto_familiar,corvo_pressagio,14,0,,,
PLBOT_bot_freemium_basic_20h_p0,fixed,familiar_handler,Familiar Handler,23,3228,band_005,battle_lab_character_rework_20260525:progression_bot:bot_freemium_basic_20h_p0,varinha_cinzas,sussurro_medo|marca_brasa,pacto_familiar,corvo_pressagio,16,0,,,
PLBOT_bot_freemium_basic_20h_p12,fixed,funeral_burst,Funeral Burst,23,3534,band_005,battle_lab_character_rework_20260525:progression_bot:bot_freemium_basic_20h_p12,cajado_ossario,descarga_nervosa|marca_brasa,ossuario_interior,cranio_errante,18,0,,,
PLBOT_bot_spender_light_2h_m12,fixed,funeral_burst,Funeral Burst,10,734,band_003,battle_lab_character_rework_20260525:progression_bot:bot_spender_light_2h_m12,cajado_ossario,descarga_nervosa|marca_brasa,ossuario_interior,,6,0,,,
PLBOT_bot_spender_light_2h_p0,fixed,funeral_burst,Funeral Burst,10,762,band_003,battle_lab_character_rework_20260525:progression_bot:bot_spender_light_2h_p0,cajado_ossario,descarga_nervosa|marca_brasa,ossuario_interior,,7,0,,,
PLBOT_bot_spender_light_2h_p12,fixed,funeral_burst,Funeral Burst,10,790,band_003,battle_lab_character_rework_20260525:progression_bot:bot_spender_light_2h_p12,cajado_ossario,descarga_nervosa|marca_brasa,ossuario_interior,,8,0,,,
PLBOT_bot_spender_light_5h_m12,fixed,funeral_burst,Funeral Burst,14,1270,band_004,battle_lab_character_rework_20260525:progression_bot:bot_spender_light_5h_m12,cajado_ossario,descarga_nervosa|marca_brasa,ossuario_interior,,9,0,,,
PLBOT_bot_spender_light_5h_p0,fixed,funeral_burst,Funeral Burst,14,1320,band_004,battle_lab_character_rework_20260525:progression_bot:bot_spender_light_5h_p0,cajado_ossario,descarga_nervosa|marca_brasa,ossuario_interior,,10,0,,,
PLBOT_bot_spender_light_5h_p12,fixed,funeral_burst,Funeral Burst,14,1370,band_004,battle_lab_character_rework_20260525:progression_bot:bot_spender_light_5h_p12,cajado_ossario,descarga_nervosa|marca_brasa,ossuario_interior,,11,0,,,
PLBOT_bot_spender_light_10h_m12,fixed,familiar_handler,Familiar Handler,18,2276,band_005,battle_lab_character_rework_20260525:progression_bot:bot_spender_light_10h_m12,varinha_cinzas,sussurro_medo|marca_brasa,pacto_familiar,corvo_pressagio,11,0,,,
PLBOT_bot_spender_light_10h_p0,fixed,familiar_handler,Familiar Handler,18,2468,band_005,battle_lab_character_rework_20260525:progression_bot:bot_spender_light_10h_p0,varinha_cinzas,sussurro_medo|marca_brasa,pacto_familiar,corvo_pressagio,13,0,,,
PLBOT_bot_spender_light_10h_p12,fixed,funeral_burst,Funeral Burst,18,2660,band_005,battle_lab_character_rework_20260525:progression_bot:bot_spender_light_10h_p12,cajado_ossario,descarga_nervosa|marca_brasa,ossuario_interior,cranio_errante,15,0,,,
PLBOT_bot_spender_light_15h_m12,fixed,familiar_handler,Familiar Handler,20,2734,band_005,battle_lab_character_rework_20260525:progression_bot:bot_spender_light_15h_m12,varinha_cinzas,sussurro_medo|marca_brasa,pacto_familiar,corvo_pressagio,13,0,,,
PLBOT_bot_spender_light_15h_p0,fixed,familiar_handler,Familiar Handler,20,2960,band_005,battle_lab_character_rework_20260525:progression_bot:bot_spender_light_15h_p0,varinha_cinzas,sussurro_medo|marca_brasa,pacto_familiar,corvo_pressagio,15,0,,,
PLBOT_bot_spender_light_15h_p12,fixed,funeral_burst,Funeral Burst,20,3186,band_005,battle_lab_character_rework_20260525:progression_bot:bot_spender_light_15h_p12,cajado_ossario,descarga_nervosa|marca_brasa,ossuario_interior,cranio_errante,17,0,,,
PLBOT_bot_spender_light_20h_m12,fixed,familiar_handler,Familiar Handler,24,3300,band_005,battle_lab_character_rework_20260525:progression_bot:bot_spender_light_20h_m12,varinha_cinzas,sussurro_medo|marca_brasa,pacto_familiar,corvo_pressagio,16,1,,,
PLBOT_bot_spender_light_20h_p0,fixed,familiar_handler,Familiar Handler,24,3628,band_005,battle_lab_character_rework_20260525:progression_bot:bot_spender_light_20h_p0,varinha_cinzas,sussurro_medo|marca_brasa,pacto_familiar,corvo_pressagio,18,1,,,
PLBOT_bot_spender_light_20h_p12,fixed,funeral_burst,Funeral Burst,24,3956,band_005,battle_lab_character_rework_20260525:progression_bot:bot_spender_light_20h_p12,cajado_ossario,descarga_nervosa|marca_brasa,ossuario_interior,cranio_errante,20,1,,,
PLBOT_bot_max_spender_2h_m12,fixed,funeral_burst,Funeral Burst,11,832,band_003,battle_lab_character_rework_20260525:progression_bot:bot_max_spender_2h_m12,cajado_ossario,descarga_nervosa|marca_brasa,ossuario_interior,,8,0,,,
PLBOT_bot_max_spender_2h_p0,fixed,funeral_burst,Funeral Burst,11,860,band_003,battle_lab_character_rework_20260525:progression_bot:bot_max_spender_2h_p0,cajado_ossario,descarga_nervosa|marca_brasa,ossuario_interior,,9,0,,,
PLBOT_bot_max_spender_2h_p12,fixed,funeral_burst,Funeral Burst,11,888,band_003,battle_lab_character_rework_20260525:progression_bot:bot_max_spender_2h_p12,cajado_ossario,descarga_nervosa|marca_brasa,ossuario_interior,,10,0,,,
PLBOT_bot_max_spender_5h_m12,fixed,funeral_burst,Funeral Burst,14,1348,band_004,battle_lab_character_rework_20260525:progression_bot:bot_max_spender_5h_m12,cajado_ossario,descarga_nervosa|marca_brasa,ossuario_interior,,11,0,,,
PLBOT_bot_max_spender_5h_p0,fixed,funeral_burst,Funeral Burst,14,1398,band_004,battle_lab_character_rework_20260525:progression_bot:bot_max_spender_5h_p0,cajado_ossario,descarga_nervosa|marca_brasa,ossuario_interior,,12,0,,,
PLBOT_bot_max_spender_5h_p12,fixed,funeral_burst,Funeral Burst,14,1448,band_004,battle_lab_character_rework_20260525:progression_bot:bot_max_spender_5h_p12,cajado_ossario,descarga_nervosa|marca_brasa,ossuario_interior,,13,0,,,
PLBOT_bot_max_spender_10h_m12,fixed,familiar_handler,Familiar Handler,18,2434,band_005,battle_lab_character_rework_20260525:progression_bot:bot_max_spender_10h_m12,varinha_cinzas,sussurro_medo|marca_brasa,pacto_familiar,corvo_pressagio,13,0,,,
PLBOT_bot_max_spender_10h_p0,fixed,familiar_handler,Familiar Handler,18,2660,band_005,battle_lab_character_rework_20260525:progression_bot:bot_max_spender_10h_p0,varinha_cinzas,sussurro_medo|marca_brasa,pacto_familiar,corvo_pressagio,15,0,,,
PLBOT_bot_max_spender_10h_p12,fixed,funeral_burst,Funeral Burst,18,2886,band_005,battle_lab_character_rework_20260525:progression_bot:bot_max_spender_10h_p12,cajado_ossario,descarga_nervosa|marca_brasa,ossuario_interior,cranio_errante,17,0,,,
PLBOT_bot_max_spender_15h_m12,fixed,familiar_handler,Familiar Handler,21,2814,band_005,battle_lab_character_rework_20260525:progression_bot:bot_max_spender_15h_m12,varinha_cinzas,sussurro_medo|marca_brasa,pacto_familiar,corvo_pressagio,16,0,,,
PLBOT_bot_max_spender_15h_p0,fixed,familiar_handler,Familiar Handler,21,3062,band_005,battle_lab_character_rework_20260525:progression_bot:bot_max_spender_15h_p0,varinha_cinzas,sussurro_medo|marca_brasa,pacto_familiar,corvo_pressagio,18,0,,,
PLBOT_bot_max_spender_15h_p12,fixed,funeral_burst,Funeral Burst,21,3310,band_005,battle_lab_character_rework_20260525:progression_bot:bot_max_spender_15h_p12,cajado_ossario,descarga_nervosa|marca_brasa,ossuario_interior,cranio_errante,20,0,,,
PLBOT_bot_max_spender_20h_m12,fixed,summoner,Summoner,25,3762,band_005,battle_lab_character_rework_20260525:progression_bot:bot_max_spender_20h_m12,cajado_ossario,sussurro_medo|erguer_ossos|invocar_brasa_faminta,ossuario_interior,cranio_errante,19,1,,,
PLBOT_bot_max_spender_20h_p0,fixed,summoner,Summoner,25,4078,band_005,battle_lab_character_rework_20260525:progression_bot:bot_max_spender_20h_p0,cajado_ossario,sussurro_medo|erguer_ossos|invocar_brasa_faminta,ossuario_interior,cranio_errante,22,1,,,
PLBOT_bot_max_spender_20h_p12,fixed,funeral_burst,Funeral Burst,25,4394,band_005,battle_lab_character_rework_20260525:progression_bot:bot_max_spender_20h_p12,cajado_ossario,descarga_nervosa|marca_brasa|incisao_ritual,ossuario_interior,cranio_errante,25,1,,,
T16_potion_default_L7_summoner_fixed,track16,summoner,Summoner (Pocao default hp<40),7,746,band_003,battle_lab_character_rework_20260525:summoner:L7:fixed:0:track16:potion_default,cajado_ossario,sussurro_medo,,,4,2,potion_default,"{""slotIndex"":1,""itemId"":""pocao_vida"",""quantity"":1,""behavior"":{""enabled"":true,""hp"":{""mode"":""below"",""percent"":40},""mana"":{""mode"":""ignore"",""percent"":0}}}",
T16_potion_default_L7_defensive_occultist_fixed,track16,defensive_occultist,Defensive Occultist (Pocao default hp<40),7,676,band_003,battle_lab_character_rework_20260525:defensive_occultist:L7:fixed:0:track16:potion_default,idolo_pedra_viva,geada_ossos,,,4,1,potion_default,"{""slotIndex"":1,""itemId"":""pocao_vida"",""quantity"":1,""behavior"":{""enabled"":true,""hp"":{""mode"":""below"",""percent"":40},""mana"":{""mode"":""ignore"",""percent"":0}}}",
T16_potion_default_L7_dot_pressure_fixed,track16,dot_pressure,DoT Pressure (Pocao default hp<40),7,916,band_003,battle_lab_character_rework_20260525:dot_pressure:L7:fixed:0:track16:potion_default,athame_hematico,toxina_palida|marca_brasa,,,4,1,potion_default,"{""slotIndex"":1,""itemId"":""pocao_vida"",""quantity"":1,""behavior"":{""enabled"":true,""hp"":{""mode"":""below"",""percent"":40},""mana"":{""mode"":""ignore"",""percent"":0}}}",
T16_potion_default_L7_funeral_burst_fixed,track16,funeral_burst,Funeral Burst (Pocao default hp<40),7,996,band_003,battle_lab_character_rework_20260525:funeral_burst:L7:fixed:0:track16:potion_default,cajado_ossario,descarga_nervosa|marca_brasa,,,4,1,potion_default,"{""slotIndex"":1,""itemId"":""pocao_vida"",""quantity"":1,""behavior"":{""enabled"":true,""hp"":{""mode"":""below"",""percent"":40},""mana"":{""mode"":""ignore"",""percent"":0}}}",
T16_potion_default_L15_summoner_fixed,track16,summoner,Summoner (Pocao default hp<40),15,2228,band_005,battle_lab_character_rework_20260525:summoner:L15:fixed:0:track16:potion_default,cajado_ossario,sussurro_medo,ossuario_interior,cranio_errante,8,3,potion_default,"{""slotIndex"":1,""itemId"":""pocao_vida"",""quantity"":1,""behavior"":{""enabled"":true,""hp"":{""mode"":""below"",""percent"":40},""mana"":{""mode"":""ignore"",""percent"":0}}}",
T16_potion_default_L15_defensive_occultist_fixed,track16,defensive_occultist,Defensive Occultist (Pocao default hp<40),15,2784,band_005,battle_lab_character_rework_20260525:defensive_occultist:L15:fixed:0:track16:potion_default,idolo_pedra_viva,coagulo_negro|raizes_pedra,pedra_interna,escaravelho_pedra,8,2,potion_default,"{""slotIndex"":1,""itemId"":""pocao_vida"",""quantity"":1,""behavior"":{""enabled"":true,""hp"":{""mode"":""below"",""percent"":40},""mana"":{""mode"":""ignore"",""percent"":0}}}",
T16_potion_default_L15_dot_pressure_fixed,track16,dot_pressure,DoT Pressure (Pocao default hp<40),15,2684,band_005,battle_lab_character_rework_20260525:dot_pressure:L15:fixed:0:track16:potion_default,athame_hematico,toxina_palida|marca_brasa,alquimia_toxica,serpente_toxina,8,2,potion_default,"{""slotIndex"":1,""itemId"":""pocao_vida"",""quantity"":1,""behavior"":{""enabled"":true,""hp"":{""mode"":""below"",""percent"":40},""mana"":{""mode"":""ignore"",""percent"":0}}}",
T16_potion_default_L15_funeral_burst_fixed,track16,funeral_burst,Funeral Burst (Pocao default hp<40),15,2814,band_005,battle_lab_character_rework_20260525:funeral_burst:L15:fixed:0:track16:potion_default,cajado_ossario,descarga_nervosa|marca_brasa,ossuario_interior,cranio_errante,9,2,potion_default,"{""slotIndex"":1,""itemId"":""pocao_vida"",""quantity"":1,""behavior"":{""enabled"":true,""hp"":{""mode"":""below"",""percent"":40},""mana"":{""mode"":""ignore"",""percent"":0}}}",
T16_potion_default_L25_summoner_fixed,track16,summoner,Summoner (Pocao default hp<40),25,5694,band_005,battle_lab_character_rework_20260525:summoner:L25:fixed:0:track16:potion_default,cajado_ossario,sussurro_medo|erguer_ossos|invocar_brasa_faminta,ossuario_interior,cranio_errante,14,4,potion_default,"{""slotIndex"":1,""itemId"":""pocao_vida"",""quantity"":1,""behavior"":{""enabled"":true,""hp"":{""mode"":""below"",""percent"":40},""mana"":{""mode"":""ignore"",""percent"":0}}}",
T16_potion_default_L25_defensive_occultist_fixed,track16,defensive_occultist,Defensive Occultist (Pocao default hp<40),25,5534,band_005,battle_lab_character_rework_20260525:defensive_occultist:L25:fixed:0:track16:potion_default,idolo_pedra_viva,coagulo_negro|raizes_pedra|geada_ossos,pedra_interna,escaravelho_pedra,14,3,potion_default,"{""slotIndex"":1,""itemId"":""pocao_vida"",""quantity"":1,""behavior"":{""enabled"":true,""hp"":{""mode"":""below"",""percent"":40},""mana"":{""mode"":""ignore"",""percent"":0}}}",
T16_potion_default_L25_dot_pressure_fixed,track16,dot_pressure,DoT Pressure (Pocao default hp<40),25,5368,band_005,battle_lab_character_rework_20260525:dot_pressure:L25:fixed:0:track16:potion_default,athame_hematico,toxina_palida|marca_brasa|hemorragia_induzida,alquimia_toxica,serpente_toxina,14,3,potion_default,"{""slotIndex"":1,""itemId"":""pocao_vida"",""quantity"":1,""behavior"":{""enabled"":true,""hp"":{""mode"":""below"",""percent"":40},""mana"":{""mode"":""ignore"",""percent"":0}}}",
T16_potion_default_L25_funeral_burst_fixed,track16,funeral_burst,Funeral Burst (Pocao default hp<40),25,5708,band_005,battle_lab_character_rework_20260525:funeral_burst:L25:fixed:0:track16:potion_default,cajado_ossario,descarga_nervosa|marca_brasa|incisao_ritual,ossuario_interior,cranio_errante,16,3,potion_default,"{""slotIndex"":1,""itemId"":""pocao_vida"",""quantity"":1,""behavior"":{""enabled"":true,""hp"":{""mode"":""below"",""percent"":40},""mana"":{""mode"":""ignore"",""percent"":0}}}",
T16_potion_default_L40_summoner_fixed,track16,summoner,Summoner (Pocao default hp<40),40,8912,band_005,battle_lab_character_rework_20260525:summoner:L40:fixed:0:track16:potion_default,cajado_ossario,sussurro_medo|erguer_ossos|invocar_brasa_faminta,ossuario_interior,cranio_errante,22,4,potion_default,"{""slotIndex"":1,""itemId"":""pocao_vida"",""quantity"":1,""behavior"":{""enabled"":true,""hp"":{""mode"":""below"",""percent"":40},""mana"":{""mode"":""ignore"",""percent"":0}}}",
T16_potion_default_L40_defensive_occultist_fixed,track16,defensive_occultist,Defensive Occultist (Pocao default hp<40),40,8728,band_005,battle_lab_character_rework_20260525:defensive_occultist:L40:fixed:0:track16:potion_default,idolo_pedra_viva,coagulo_negro|raizes_pedra|geada_ossos,pedra_interna,escaravelho_pedra,22,4,potion_default,"{""slotIndex"":1,""itemId"":""pocao_vida"",""quantity"":1,""behavior"":{""enabled"":true,""hp"":{""mode"":""below"",""percent"":40},""mana"":{""mode"":""ignore"",""percent"":0}}}",
T16_potion_default_L40_dot_pressure_fixed,track16,dot_pressure,DoT Pressure (Pocao default hp<40),40,8526,band_005,battle_lab_character_rework_20260525:dot_pressure:L40:fixed:0:track16:potion_default,athame_hematico,toxina_palida|marca_brasa|hemorragia_induzida,alquimia_toxica,serpente_toxina,22,4,potion_default,"{""slotIndex"":1,""itemId"":""pocao_vida"",""quantity"":1,""behavior"":{""enabled"":true,""hp"":{""mode"":""below"",""percent"":40},""mana"":{""mode"":""ignore"",""percent"":0}}}",
T16_potion_default_L40_funeral_burst_fixed,track16,funeral_burst,Funeral Burst (Pocao default hp<40),40,9092,band_005,battle_lab_character_rework_20260525:funeral_burst:L40:fixed:0:track16:potion_default,cajado_ossario,descarga_nervosa|marca_brasa|incisao_ritual,ossuario_interior,cranio_errante,25,4,potion_default,"{""slotIndex"":1,""itemId"":""pocao_vida"",""quantity"":1,""behavior"":{""enabled"":true,""hp"":{""mode"":""below"",""percent"":40},""mana"":{""mode"":""ignore"",""percent"":0}}}",
T16_potion_disabled_L15_defensive_occultist_fixed,track16,defensive_occultist,Defensive Occultist (Pocao behavior disabled),15,2784,band_005,battle_lab_character_rework_20260525:defensive_occultist:L15:fixed:0:track16:potion_disabled,idolo_pedra_viva,coagulo_negro|raizes_pedra,pedra_interna,escaravelho_pedra,8,2,potion_disabled,"{""slotIndex"":1,""itemId"":""pocao_vida"",""quantity"":1,""behavior"":{""enabled"":false,""hp"":{""mode"":""below"",""percent"":40},""mana"":{""mode"":""ignore"",""percent"":0}}}",
T16_potion_disabled_L15_funeral_burst_fixed,track16,funeral_burst,Funeral Burst (Pocao behavior disabled),15,2814,band_005,battle_lab_character_rework_20260525:funeral_burst:L15:fixed:0:track16:potion_disabled,cajado_ossario,descarga_nervosa|marca_brasa,ossuario_interior,cranio_errante,9,2,potion_disabled,"{""slotIndex"":1,""itemId"":""pocao_vida"",""quantity"":1,""behavior"":{""enabled"":false,""hp"":{""mode"":""below"",""percent"":40},""mana"":{""mode"":""ignore"",""percent"":0}}}",
T16_potion_disabled_L25_defensive_occultist_fixed,track16,defensive_occultist,Defensive Occultist (Pocao behavior disabled),25,5534,band_005,battle_lab_character_rework_20260525:defensive_occultist:L25:fixed:0:track16:potion_disabled,idolo_pedra_viva,coagulo_negro|raizes_pedra|geada_ossos,pedra_interna,escaravelho_pedra,14,3,potion_disabled,"{""slotIndex"":1,""itemId"":""pocao_vida"",""quantity"":1,""behavior"":{""enabled"":false,""hp"":{""mode"":""below"",""percent"":40},""mana"":{""mode"":""ignore"",""percent"":0}}}",
T16_potion_disabled_L25_funeral_burst_fixed,track16,funeral_burst,Funeral Burst (Pocao behavior disabled),25,5708,band_005,battle_lab_character_rework_20260525:funeral_burst:L25:fixed:0:track16:potion_disabled,cajado_ossario,descarga_nervosa|marca_brasa|incisao_ritual,ossuario_interior,cranio_errante,16,3,potion_disabled,"{""slotIndex"":1,""itemId"":""pocao_vida"",""quantity"":1,""behavior"":{""enabled"":false,""hp"":{""mode"":""below"",""percent"":40},""mana"":{""mode"":""ignore"",""percent"":0}}}",
T16_spell_behavior_disabled_L7_mental_controller_fixed,track16,mental_controller,Mental Controller (Primeira spell desativada),7,996,band_003,battle_lab_character_rework_20260525:mental_controller:L7:fixed:0:track16:spell_behavior_disabled,grimorio_veu,sussurro_medo|terror_primordial,,,4,1,spell_behavior_disabled,,"{""sussurro_medo"":{""enabled"":false,""hp"":{""mode"":""ignore"",""percent"":0},""mana"":{""mode"":""ignore"",""percent"":0}}}"
T16_spell_behavior_disabled_L7_elemental_mixer_fixed,track16,elemental_mixer,Elemental Mixer (Primeira spell desativada),7,1024,band_003,battle_lab_character_rework_20260525:elemental_mixer:L7:fixed:0:track16:spell_behavior_disabled,orbe_tempestade,descarga_nervosa|marca_brasa,,,5,1,spell_behavior_disabled,,"{""descarga_nervosa"":{""enabled"":false,""hp"":{""mode"":""ignore"",""percent"":0},""mana"":{""mode"":""ignore"",""percent"":0}}}"
T16_spell_behavior_disabled_L7_summoner_fixed,track16,summoner,Summoner (Primeira spell desativada),7,746,band_003,battle_lab_character_rework_20260525:summoner:L7:fixed:0:track16:spell_behavior_disabled,cajado_ossario,sussurro_medo,,,4,2,spell_behavior_disabled,,"{""sussurro_medo"":{""enabled"":false,""hp"":{""mode"":""ignore"",""percent"":0},""mana"":{""mode"":""ignore"",""percent"":0}}}"
T16_spell_behavior_disabled_L7_dot_pressure_fixed,track16,dot_pressure,DoT Pressure (Primeira spell desativada),7,916,band_003,battle_lab_character_rework_20260525:dot_pressure:L7:fixed:0:track16:spell_behavior_disabled,athame_hematico,toxina_palida|marca_brasa,,,4,1,spell_behavior_disabled,,"{""toxina_palida"":{""enabled"":false,""hp"":{""mode"":""ignore"",""percent"":0},""mana"":{""mode"":""ignore"",""percent"":0}}}"
T16_spell_behavior_disabled_L15_mental_controller_fixed,track16,mental_controller,Mental Controller (Primeira spell desativada),15,2712,band_005,battle_lab_character_rework_20260525:mental_controller:L15:fixed:0:track16:spell_behavior_disabled,grimorio_veu,sussurro_medo|terror_primordial,doutrina_pavor,corvo_pressagio,9,2,spell_behavior_disabled,,"{""sussurro_medo"":{""enabled"":false,""hp"":{""mode"":""ignore"",""percent"":0},""mana"":{""mode"":""ignore"",""percent"":0}}}"
T16_spell_behavior_disabled_L15_elemental_mixer_fixed,track16,elemental_mixer,Elemental Mixer (Primeira spell desativada),15,2740,band_005,battle_lab_character_rework_20260525:elemental_mixer:L15:fixed:0:track16:spell_behavior_disabled,orbe_tempestade,descarga_nervosa|marca_brasa,pulso_tempestade,serpe_tempestade,10,2,spell_behavior_disabled,,"{""descarga_nervosa"":{""enabled"":false,""hp"":{""mode"":""ignore"",""percent"":0},""mana"":{""mode"":""ignore"",""percent"":0}}}"
T16_spell_behavior_disabled_L15_summoner_fixed,track16,summoner,Summoner (Primeira spell desativada),15,2228,band_005,battle_lab_character_rework_20260525:summoner:L15:fixed:0:track16:spell_behavior_disabled,cajado_ossario,sussurro_medo,ossuario_interior,cranio_errante,8,3,spell_behavior_disabled,,"{""sussurro_medo"":{""enabled"":false,""hp"":{""mode"":""ignore"",""percent"":0},""mana"":{""mode"":""ignore"",""percent"":0}}}"
T16_spell_behavior_disabled_L15_dot_pressure_fixed,track16,dot_pressure,DoT Pressure (Primeira spell desativada),15,2684,band_005,battle_lab_character_rework_20260525:dot_pressure:L15:fixed:0:track16:spell_behavior_disabled,athame_hematico,toxina_palida|marca_brasa,alquimia_toxica,serpente_toxina,8,2,spell_behavior_disabled,,"{""toxina_palida"":{""enabled"":false,""hp"":{""mode"":""ignore"",""percent"":0},""mana"":{""mode"":""ignore"",""percent"":0}}}"
T16_spell_behavior_disabled_L25_mental_controller_fixed,track16,mental_controller,Mental Controller (Primeira spell desativada),25,5566,band_005,battle_lab_character_rework_20260525:mental_controller:L25:fixed:0:track16:spell_behavior_disabled,grimorio_veu,sussurro_medo|terror_primordial|labirinto_razao,doutrina_pavor,corvo_pressagio,16,3,spell_behavior_disabled,,"{""sussurro_medo"":{""enabled"":false,""hp"":{""mode"":""ignore"",""percent"":0},""mana"":{""mode"":""ignore"",""percent"":0}}}"
T16_spell_behavior_disabled_L25_elemental_mixer_fixed,track16,elemental_mixer,Elemental Mixer (Primeira spell desativada),25,5544,band_005,battle_lab_character_rework_20260525:elemental_mixer:L25:fixed:0:track16:spell_behavior_disabled,orbe_tempestade,descarga_nervosa|marca_brasa|mare_escura,pulso_tempestade,serpe_tempestade,16,3,spell_behavior_disabled,,"{""descarga_nervosa"":{""enabled"":false,""hp"":{""mode"":""ignore"",""percent"":0},""mana"":{""mode"":""ignore"",""percent"":0}}}"
T16_spell_behavior_disabled_L25_summoner_fixed,track16,summoner,Summoner (Primeira spell desativada),25,5694,band_005,battle_lab_character_rework_20260525:summoner:L25:fixed:0:track16:spell_behavior_disabled,cajado_ossario,sussurro_medo|erguer_ossos|invocar_brasa_faminta,ossuario_interior,cranio_errante,14,4,spell_behavior_disabled,,"{""sussurro_medo"":{""enabled"":false,""hp"":{""mode"":""ignore"",""percent"":0},""mana"":{""mode"":""ignore"",""percent"":0}}}"
T16_spell_behavior_disabled_L25_dot_pressure_fixed,track16,dot_pressure,DoT Pressure (Primeira spell desativada),25,5368,band_005,battle_lab_character_rework_20260525:dot_pressure:L25:fixed:0:track16:spell_behavior_disabled,athame_hematico,toxina_palida|marca_brasa|hemorragia_induzida,alquimia_toxica,serpente_toxina,14,3,spell_behavior_disabled,,"{""toxina_palida"":{""enabled"":false,""hp"":{""mode"":""ignore"",""percent"":0},""mana"":{""mode"":""ignore"",""percent"":0}}}"
